ID,pred_model
1,Model_B
2,Model_B
3,Model_K
4,Model_K
5,Model_K
6,Model_K
7,Model_D
8,Model_K
9,Model_B
10,Model_B
11,Model_G
12,Model_K
13,Model_H
14,Model_H
15,Model_H
16,Model_H
17,Model_K
18,Model_K
19,Model_H
20,Model_K
21,Model_K
22,Model_H
23,Model_K
24,Model_H
25,Model_K
26,Model_H
27,Model_K
28,Model_K
29,Model_H
30,Model_K
31,Model_H
32,Model_H
33,Model_H
34,Model_K
35,Model_K
36,Model_K
37,Model_K
38,Model_H
39,Model_H
40,Model_K
41,Model_K
42,Model_H
43,Model_K
44,Model_H
45,Model_K
46,Model_H
47,Model_K
48,Model_H
49,Model_K
50,Model_K
51,Model_K
52,Model_K
53,Model_K
54,Model_K
55,Model_H
56,Model_K
57,Model_K
58,Model_K
59,Model_K
60,Model_K
61,Model_H
62,Model_K
63,Model_K
64,Model_K
65,Model_K
66,Model_K
67,Model_K
68,Model_H
69,Model_K
70,Model_K
71,Model_K
72,Model_K
73,Model_K
74,Model_K
75,Model_K
76,Model_H
77,Model_K
78,Model_K
79,Model_K
80,Model_K
81,Model_H
82,Model_H
83,Model_K
84,Model_K
85,Model_H
86,Model_K
87,Model_K
88,Model_H
89,Model_K
90,Model_K
91,Model_K
92,Model_K
93,Model_K
94,Model_K
95,Model_D
96,Model_J
97,Model_D
98,Model_B
99,Model_K
100,Model_F
101,Model_K
102,Model_K
103,Model_B
104,Model_H
105,Model_E
106,Model_F
107,Model_H
108,Model_K
109,Model_I
110,Model_F
111,Model_K
112,Model_J
113,Model_D
114,Model_F
115,Model_K
116,Model_K
117,Model_C
118,Model_D
119,Model_K
120,Model_J
121,Model_G
122,Model_I
123,Model_H
124,Model_A
125,Model_G
126,Model_K
127,Model_J
128,Model_G
129,Model_F
130,Model_K
131,Model_F
132,Model_J
133,Model_B
134,Model_K
135,Model_F
136,Model_K
137,Model_C
138,Model_I
139,Model_H
140,Model_K
141,Model_F
142,Model_K
143,Model_K
144,Model_J
145,Model_K
146,Model_H
147,Model_H
148,Model_K
149,Model_J
150,Model_I
151,Model_K
152,Model_K
153,Model_F
154,Model_J
155,Model_F
156,Model_F
157,Model_K
158,Model_K
159,Model_H
160,Model_B
161,Model_K
162,Model_H
163,Model_B
164,Model_D
165,Model_D
166,Model_K
167,Model_H
168,Model_D
169,Model_E
170,Model_K
171,Model_H
172,Model_F
173,Model_I
174,Model_B
175,Model_C
176,Model_J
177,Model_F
178,Model_K
179,Model_H
180,Model_K
181,Model_F
182,Model_K
183,Model_D
184,Model_F
185,Model_K
186,Model_I
187,Model_K
188,Model_H
189,Model_D
190,Model_G
191,Model_D
192,Model_B
193,Model_K
194,Model_J
195,Model_J
196,Model_J
197,Model_D
198,Model_K
199,Model_D
200,Model_I
201,Model_H
202,Model_J
203,Model_G
204,Model_D
205,Model_J
206,Model_D
207,Model_G
208,Model_D
209,Model_B
210,Model_G
211,Model_C
212,Model_D
213,Model_K
214,Model_D
215,Model_D
216,Model_J
217,Model_K
218,Model_D
219,Model_K
220,Model_G
221,Model_H
222,Model_J
223,Model_H
224,Model_K
225,Model_D
226,Model_G
227,Model_K
228,Model_K
229,Model_B
230,Model_D
231,Model_B
232,Model_E
233,Model_K
234,Model_H
235,Model_K
236,Model_B
237,Model_K
238,Model_H
239,Model_F
240,Model_G
241,Model_J
242,Model_K
243,Model_B
244,Model_J
245,Model_H
246,Model_G
247,Model_H
248,Model_B
249,Model_H
250,Model_A
251,Model_K
252,Model_I
253,Model_B
254,Model_B
255,Model_D
256,Model_I
257,Model_E
258,Model_D
259,Model_H
260,Model_B
261,Model_J
262,Model_J
263,Model_J
264,Model_G
265,Model_D
266,Model_H
267,Model_D
268,Model_J
269,Model_B
270,Model_H
271,Model_J
272,Model_I
273,Model_D
274,Model_H
275,Model_H
276,Model_B
277,Model_H
278,Model_D
279,Model_H
280,Model_J
281,Model_J
282,Model_F
283,Model_I
284,Model_K
285,Model_K
286,Model_H
287,Model_K
288,Model_C
289,Model_B
290,Model_H
291,Model_J
292,Model_H
293,Model_K
294,Model_J
295,Model_K
296,Model_D
297,Model_J
298,Model_H
299,Model_B
300,Model_I
301,Model_I
302,Model_K
303,Model_C
304,Model_I
305,Model_K
306,Model_F
307,Model_B
308,Model_K
309,Model_G
310,Model_B
311,Model_G
312,Model_B
313,Model_K
314,Model_I
315,Model_K
316,Model_K
317,Model_I
318,Model_E
319,Model_K
320,Model_J
321,Model_A
322,Model_B
323,Model_K
324,Model_B
325,Model_H
326,Model_K
327,Model_H
328,Model_B
329,Model_B
330,Model_C
331,Model_K
332,Model_H
333,Model_F
334,Model_K
335,Model_D
336,Model_G
337,Model_C
338,Model_I
339,Model_D
340,Model_G
341,Model_B
342,Model_H
343,Model_C
344,Model_I
345,Model_I
346,Model_K
347,Model_B
348,Model_K
349,Model_J
350,Model_J
351,Model_H
352,Model_H
353,Model_B
354,Model_H
355,Model_K
356,Model_H
357,Model_B
358,Model_I
359,Model_B
360,Model_K
361,Model_I
362,Model_H
363,Model_B
364,Model_K
365,Model_H
366,Model_K
367,Model_K
368,Model_H
369,Model_B
370,Model_J
371,Model_C
372,Model_B
373,Model_B
374,Model_K
375,Model_B
376,Model_H
377,Model_D
378,Model_H
379,Model_G
380,Model_F
381,Model_J
382,Model_B
383,Model_A
384,Model_K
385,Model_G
386,Model_B
387,Model_G
388,Model_K
389,Model_J
390,Model_K
391,Model_D
392,Model_D
393,Model_C
394,Model_B
395,Model_D
396,Model_G
397,Model_I
398,Model_G
399,Model_D
400,Model_G
401,Model_K
402,Model_H
403,Model_H
404,Model_J
405,Model_F
406,Model_A
407,Model_B
408,Model_H
409,Model_K
410,Model_H
411,Model_G
412,Model_B
413,Model_C
414,Model_J
415,Model_E
416,Model_K
417,Model_H
418,Model_G
419,Model_D
420,Model_F
421,Model_H
422,Model_B
423,Model_D
424,Model_F
425,Model_K
426,Model_D
427,Model_I
428,Model_H
429,Model_H
430,Model_I
431,Model_B
432,Model_D
433,Model_G
434,Model_B
435,Model_D
436,Model_G
437,Model_K
438,Model_K
439,Model_H
440,Model_H
441,Model_F
442,Model_I
443,Model_H
444,Model_H
445,Model_F
446,Model_B
447,Model_K
448,Model_G
449,Model_J
450,Model_K
451,Model_K
452,Model_I
453,Model_A
454,Model_H
455,Model_B
456,Model_C
457,Model_A
458,Model_J
459,Model_H
460,Model_F
461,Model_G
462,Model_G
463,Model_I
464,Model_C
465,Model_H
466,Model_G
467,Model_H
468,Model_I
469,Model_G
470,Model_D
471,Model_H
472,Model_H
473,Model_H
474,Model_I
475,Model_B
476,Model_I
477,Model_I
478,Model_H
479,Model_D
480,Model_I
481,Model_K
482,Model_H
483,Model_E
484,Model_H
485,Model_K
486,Model_K
487,Model_J
488,Model_K
489,Model_J
490,Model_I
491,Model_B
492,Model_B
493,Model_K
494,Model_I
495,Model_K
496,Model_F
497,Model_D
498,Model_D
499,Model_H
500,Model_D
501,Model_I
502,Model_K
503,Model_E
504,Model_J
505,Model_I
506,Model_D
507,Model_K
508,Model_K
509,Model_K
510,Model_D
511,Model_D
512,Model_K
513,Model_J
514,Model_G
515,Model_K
516,Model_B
517,Model_H
518,Model_D
519,Model_J
520,Model_K
521,Model_B
522,Model_K
523,Model_I
524,Model_H
525,Model_K
526,Model_F
527,Model_H
528,Model_C
529,Model_D
530,Model_G
531,Model_B
532,Model_B
533,Model_F
534,Model_H
535,Model_K
536,Model_J
537,Model_K
538,Model_K
539,Model_K
540,Model_I
541,Model_H
542,Model_B
543,Model_I
544,Model_G
545,Model_B
546,Model_F
547,Model_B
548,Model_I
549,Model_F
550,Model_K
551,Model_I
552,Model_I
553,Model_K
554,Model_H
555,Model_H
556,Model_K
557,Model_D
558,Model_D
559,Model_B
560,Model_H
561,Model_H
562,Model_K
563,Model_D
564,Model_K
565,Model_J
566,Model_K
567,Model_J
568,Model_H
569,Model_B
570,Model_D
571,Model_F
572,Model_J
573,Model_J
574,Model_C
575,Model_K
576,Model_K
577,Model_E
578,Model_K
579,Model_H
580,Model_E
581,Model_K
582,Model_D
583,Model_H
584,Model_B
585,Model_B
586,Model_H
587,Model_H
588,Model_E
589,Model_B
590,Model_B
591,Model_I
592,Model_K
593,Model_D
594,Model_C
595,Model_D
596,Model_J
597,Model_K
598,Model_G
599,Model_B
600,Model_K
601,Model_B
602,Model_E
603,Model_C
604,Model_J
605,Model_F
606,Model_K
607,Model_G
608,Model_I
609,Model_G
610,Model_I
611,Model_B
612,Model_K
613,Model_J
614,Model_K
615,Model_H
616,Model_C
617,Model_K
618,Model_H
619,Model_G
620,Model_B
621,Model_J
622,Model_D
623,Model_I
624,Model_J
625,Model_G
626,Model_H
627,Model_B
628,Model_I
629,Model_H
630,Model_B
631,Model_K
632,Model_D
633,Model_K
634,Model_D
635,Model_D
636,Model_D
637,Model_G
638,Model_K
639,Model_B
640,Model_H
641,Model_D
642,Model_K
643,Model_H
644,Model_K
645,Model_B
646,Model_H
647,Model_B
648,Model_D
649,Model_I
650,Model_I
651,Model_K
652,Model_K
653,Model_J
654,Model_K
655,Model_K
656,Model_H
657,Model_C
658,Model_K
659,Model_K
660,Model_B
661,Model_B
662,Model_K
663,Model_F
664,Model_J
665,Model_B
666,Model_K
667,Model_K
668,Model_I
669,Model_B
670,Model_J
671,Model_D
672,Model_H
673,Model_K
674,Model_G
675,Model_K
676,Model_H
677,Model_J
678,Model_I
679,Model_H
680,Model_H
681,Model_A
682,Model_I
683,Model_B
684,Model_H
685,Model_K
686,Model_H
687,Model_H
688,Model_H
689,Model_D
690,Model_K
691,Model_H
692,Model_H
693,Model_C
694,Model_K
695,Model_B
696,Model_C
697,Model_F
698,Model_K
699,Model_J
700,Model_B
701,Model_K
702,Model_H
703,Model_G
704,Model_K
705,Model_I
706,Model_F
707,Model_K
708,Model_H
709,Model_H
710,Model_H
711,Model_H
712,Model_B
713,Model_H
714,Model_D
715,Model_H
716,Model_D
717,Model_H
718,Model_C
719,Model_B
720,Model_D
721,Model_C
722,Model_H
723,Model_B
724,Model_B
725,Model_H
726,Model_H
727,Model_C
728,Model_K
729,Model_H
730,Model_D
731,Model_H
732,Model_C
733,Model_H
734,Model_A
735,Model_E
736,Model_H
737,Model_H
738,Model_C
739,Model_H
740,Model_B
741,Model_H
742,Model_K
743,Model_J
744,Model_H
745,Model_B
746,Model_H
747,Model_H
748,Model_H
749,Model_H
750,Model_B
751,Model_H
752,Model_K
753,Model_J
754,Model_B
755,Model_B
756,Model_B
757,Model_B
758,Model_J
759,Model_H
760,Model_G
761,Model_K
762,Model_H
763,Model_C
764,Model_G
765,Model_D
766,Model_G
767,Model_G
768,Model_B
769,Model_H
770,Model_B
771,Model_H
772,Model_H
773,Model_H
774,Model_A
775,Model_K
776,Model_H
777,Model_H
778,Model_H
779,Model_H
780,Model_G
781,Model_C
782,Model_B
783,Model_C
784,Model_B
785,Model_J
786,Model_D
787,Model_H
788,Model_B
789,Model_B
790,Model_J
791,Model_B
792,Model_B
793,Model_B
794,Model_B
795,Model_H
796,Model_B
797,Model_B
798,Model_D
799,Model_B
800,Model_B
801,Model_C
802,Model_A
803,Model_G
804,Model_B
805,Model_H
806,Model_H
807,Model_B
808,Model_H
809,Model_H
810,Model_C
811,Model_H
812,Model_B
813,Model_H
814,Model_H
815,Model_H
816,Model_H
817,Model_J
818,Model_H
819,Model_H
820,Model_J
821,Model_H
822,Model_K
823,Model_H
824,Model_H
825,Model_D
826,Model_B
827,Model_C
828,Model_B
829,Model_H
830,Model_H
831,Model_B
832,Model_B
833,Model_B
834,Model_B
835,Model_K
836,Model_H
837,Model_J
838,Model_D
839,Model_B
840,Model_H
841,Model_B
842,Model_B
843,Model_H
844,Model_H
845,Model_H
846,Model_H
847,Model_H
848,Model_H
849,Model_H
850,Model_D
851,Model_H
852,Model_H
853,Model_H
854,Model_H
855,Model_H
856,Model_H
857,Model_K
858,Model_H
859,Model_J
860,Model_H
861,Model_D
862,Model_B
863,Model_J
864,Model_H
865,Model_B
866,Model_H
867,Model_H
868,Model_K
869,Model_J
870,Model_H
871,Model_B
872,Model_H
873,Model_I
874,Model_B
875,Model_B
876,Model_H
877,Model_H
878,Model_B
879,Model_D
880,Model_B
881,Model_C
882,Model_H
883,Model_B
884,Model_B
885,Model_B
886,Model_H
887,Model_A
888,Model_B
889,Model_G
890,Model_G
891,Model_H
892,Model_B
893,Model_K
894,Model_B
895,Model_H
896,Model_E
897,Model_E
898,Model_B
899,Model_H
900,Model_H
901,Model_H
902,Model_B
903,Model_J
904,Model_B
905,Model_H
906,Model_H
907,Model_B
908,Model_B
909,Model_K
910,Model_B
911,Model_H
912,Model_B
913,Model_D
914,Model_J
915,Model_A
916,Model_B
917,Model_H
918,Model_H
919,Model_H
920,Model_G
921,Model_J
922,Model_H
923,Model_H
924,Model_H
925,Model_H
926,Model_I
927,Model_H
928,Model_K
929,Model_H
930,Model_H
931,Model_K
932,Model_C
933,Model_G
934,Model_B
935,Model_B
936,Model_H
937,Model_I
938,Model_J
939,Model_H
940,Model_K
941,Model_H
942,Model_J
943,Model_H
944,Model_H
945,Model_H
946,Model_B
947,Model_D
948,Model_E
949,Model_B
950,Model_C
951,Model_G
952,Model_K
953,Model_H
954,Model_F
955,Model_K
956,Model_J
957,Model_K
958,Model_A
959,Model_D
960,Model_H
961,Model_I
962,Model_I
963,Model_J
964,Model_D
965,Model_A
966,Model_F
967,Model_J
968,Model_C
969,Model_K
970,Model_G
971,Model_I
972,Model_B
973,Model_F
974,Model_H
975,Model_K
976,Model_F
977,Model_F
978,Model_H
979,Model_I
980,Model_D
981,Model_F
982,Model_K
983,Model_C
984,Model_E
985,Model_H
986,Model_K
987,Model_F
988,Model_H
989,Model_H
990,Model_C
991,Model_H
992,Model_K
993,Model_F
994,Model_K
995,Model_D
996,Model_I
997,Model_H
998,Model_H
999,Model_K
1000,Model_J
1001,Model_G
1002,Model_K
1003,Model_H
1004,Model_E
1005,Model_F
1006,Model_I
1007,Model_K
1008,Model_H
1009,Model_A
1010,Model_H
1011,Model_J
1012,Model_K
1013,Model_K
1014,Model_F
1015,Model_H
1016,Model_H
1017,Model_C
1018,Model_H
1019,Model_I
1020,Model_B
1021,Model_I
1022,Model_J
1023,Model_A
1024,Model_F
1025,Model_F
1026,Model_K
1027,Model_H
1028,Model_I
1029,Model_H
1030,Model_F
1031,Model_H
1032,Model_A
1033,Model_I
1034,Model_J
1035,Model_D
1036,Model_J
1037,Model_I
1038,Model_E
1039,Model_H
1040,Model_B
1041,Model_C
1042,Model_K
1043,Model_J
1044,Model_B
1045,Model_D
1046,Model_A
1047,Model_K
1048,Model_H
1049,Model_H
1050,Model_K
1051,Model_B
1052,Model_J
1053,Model_J
1054,Model_H
1055,Model_B
1056,Model_H
1057,Model_H
1058,Model_K
1059,Model_H
1060,Model_F
1061,Model_I
1062,Model_K
1063,Model_D
1064,Model_G
1065,Model_C
1066,Model_H
1067,Model_H
1068,Model_H
1069,Model_H
1070,Model_A
1071,Model_K
1072,Model_F
1073,Model_A
1074,Model_F
1075,Model_H
1076,Model_I
1077,Model_G
1078,Model_H
1079,Model_B
1080,Model_D
1081,Model_F
1082,Model_C
1083,Model_H
1084,Model_H
1085,Model_A
1086,Model_A
1087,Model_A
1088,Model_J
1089,Model_E
1090,Model_B
1091,Model_B
1092,Model_D
1093,Model_J
1094,Model_K
1095,Model_K
1096,Model_I
1097,Model_K
1098,Model_A
1099,Model_B
1100,Model_A
1101,Model_I
1102,Model_K
1103,Model_A
1104,Model_D
1105,Model_K
1106,Model_K
1107,Model_H
1108,Model_H
1109,Model_K
1110,Model_I
1111,Model_K
1112,Model_K
1113,Model_H
1114,Model_K
1115,Model_K
1116,Model_D
1117,Model_J
1118,Model_F
1119,Model_H
1120,Model_H
1121,Model_J
1122,Model_I
1123,Model_D
1124,Model_H
1125,Model_H
1126,Model_D
1127,Model_H
1128,Model_D
1129,Model_H
1130,Model_K
1131,Model_H
1132,Model_E
1133,Model_E
1134,Model_J
1135,Model_D
1136,Model_J
1137,Model_I
1138,Model_K
1139,Model_E
1140,Model_K
1141,Model_H
1142,Model_I
1143,Model_H
1144,Model_J
1145,Model_D
1146,Model_D
1147,Model_A
1148,Model_G
1149,Model_G
1150,Model_K
1151,Model_D
1152,Model_F
1153,Model_G
1154,Model_K
1155,Model_J
1156,Model_K
1157,Model_D
1158,Model_H
1159,Model_K
1160,Model_I
1161,Model_I
1162,Model_I
1163,Model_D
1164,Model_F
1165,Model_H
1166,Model_A
1167,Model_B
1168,Model_D
1169,Model_I
1170,Model_K
1171,Model_E
1172,Model_H
1173,Model_E
1174,Model_H
1175,Model_B
1176,Model_J
1177,Model_J
1178,Model_D
1179,Model_I
1180,Model_E
1181,Model_I
1182,Model_G
1183,Model_D
1184,Model_D
1185,Model_J
1186,Model_B
1187,Model_D
1188,Model_H
1189,Model_K
1190,Model_B
1191,Model_H
1192,Model_C
1193,Model_H
1194,Model_H
1195,Model_F
1196,Model_H
1197,Model_G
1198,Model_C
1199,Model_H
1200,Model_E
1201,Model_B
1202,Model_C
1203,Model_K
1204,Model_K
1205,Model_H
1206,Model_H
1207,Model_B
1208,Model_I
1209,Model_F
1210,Model_D
1211,Model_J
1212,Model_K
1213,Model_A
1214,Model_H
1215,Model_K
1216,Model_A
1217,Model_A
1218,Model_K
1219,Model_J
1220,Model_F
1221,Model_H
1222,Model_K
1223,Model_J
1224,Model_K
1225,Model_H
1226,Model_J
1227,Model_I
1228,Model_A
1229,Model_K
1230,Model_I
1231,Model_K
1232,Model_A
1233,Model_H
1234,Model_H
1235,Model_I
1236,Model_H
1237,Model_H
1238,Model_H
1239,Model_I
1240,Model_E
1241,Model_I
1242,Model_C
1243,Model_D
1244,Model_B
1245,Model_J
1246,Model_I
1247,Model_J
1248,Model_E
1249,Model_A
1250,Model_I
1251,Model_C
1252,Model_K
1253,Model_B
1254,Model_H
1255,Model_G
1256,Model_C
1257,Model_G
1258,Model_H
1259,Model_K
1260,Model_D
1261,Model_C
1262,Model_K
1263,Model_H
1264,Model_A
1265,Model_H
1266,Model_A
1267,Model_C
1268,Model_K
1269,Model_K
1270,Model_E
1271,Model_D
1272,Model_I
1273,Model_G
1274,Model_K
1275,Model_J
1276,Model_B
1277,Model_D
1278,Model_A
1279,Model_C
1280,Model_H
1281,Model_K
1282,Model_K
1283,Model_J
1284,Model_D
1285,Model_D
1286,Model_J
1287,Model_K
1288,Model_A
1289,Model_E
1290,Model_J
1291,Model_D
1292,Model_K
1293,Model_K
1294,Model_A
1295,Model_A
1296,Model_D
1297,Model_D
1298,Model_J
1299,Model_E
1300,Model_K
1301,Model_E
1302,Model_D
1303,Model_D
1304,Model_H
1305,Model_D
1306,Model_E
1307,Model_H
1308,Model_B
1309,Model_B
1310,Model_C
1311,Model_H
1312,Model_C
1313,Model_I
1314,Model_J
1315,Model_B
1316,Model_H
1317,Model_I
1318,Model_E
1319,Model_F
1320,Model_K
1321,Model_F
1322,Model_D
1323,Model_H
1324,Model_H
1325,Model_I
1326,Model_E
1327,Model_B
1328,Model_K
1329,Model_D
1330,Model_K
1331,Model_H
1332,Model_D
1333,Model_J
1334,Model_J
1335,Model_J
1336,Model_A
1337,Model_D
1338,Model_I
1339,Model_I
1340,Model_K
1341,Model_A
1342,Model_J
1343,Model_H
1344,Model_D
1345,Model_B
1346,Model_E
1347,Model_K
1348,Model_B
1349,Model_J
1350,Model_H
1351,Model_H
1352,Model_K
1353,Model_H
1354,Model_H
1355,Model_I
1356,Model_G
1357,Model_J
1358,Model_H
1359,Model_H
1360,Model_D
1361,Model_I
1362,Model_H
1363,Model_B
1364,Model_B
1365,Model_D
1366,Model_H
1367,Model_I
1368,Model_D
1369,Model_H
1370,Model_I
1371,Model_H
1372,Model_H
1373,Model_B
1374,Model_J
1375,Model_I
1376,Model_K
1377,Model_H
1378,Model_B
1379,Model_I
1380,Model_J
1381,Model_G
1382,Model_B
1383,Model_K
1384,Model_K
1385,Model_I
1386,Model_E
1387,Model_I
1388,Model_H
1389,Model_J
1390,Model_H
1391,Model_G
1392,Model_J
1393,Model_F
1394,Model_I
1395,Model_K
1396,Model_I
1397,Model_K
1398,Model_K
1399,Model_C
1400,Model_K
1401,Model_K
1402,Model_C
1403,Model_H
1404,Model_K
1405,Model_H
1406,Model_A
1407,Model_H
1408,Model_H
1409,Model_E
1410,Model_K
1411,Model_C
1412,Model_D
1413,Model_C
1414,Model_D
1415,Model_K
1416,Model_J
1417,Model_I
1418,Model_I
1419,Model_K
1420,Model_K
1421,Model_F
1422,Model_C
1423,Model_D
1424,Model_D
1425,Model_C
1426,Model_B
1427,Model_D
1428,Model_H
1429,Model_D
1430,Model_H
1431,Model_I
1432,Model_G
1433,Model_B
1434,Model_E
1435,Model_F
1436,Model_G
1437,Model_H
1438,Model_K
1439,Model_H
1440,Model_F
1441,Model_C
1442,Model_B
1443,Model_E
1444,Model_J
1445,Model_D
1446,Model_C
1447,Model_G
1448,Model_I
1449,Model_D
1450,Model_H
1451,Model_H
1452,Model_K
1453,Model_H
1454,Model_H
1455,Model_D
1456,Model_H
1457,Model_K
1458,Model_H
1459,Model_H
1460,Model_K
1461,Model_H
1462,Model_H
1463,Model_K
1464,Model_H
1465,Model_H
1466,Model_I
1467,Model_H
1468,Model_A
1469,Model_J
1470,Model_H
1471,Model_B
1472,Model_J
1473,Model_I
1474,Model_D
1475,Model_J
1476,Model_H
1477,Model_F
1478,Model_K
1479,Model_E
1480,Model_A
1481,Model_D
1482,Model_K
1483,Model_H
1484,Model_H
1485,Model_F
1486,Model_H
1487,Model_D
1488,Model_H
1489,Model_G
1490,Model_J
1491,Model_D
1492,Model_H
1493,Model_J
1494,Model_H
1495,Model_H
1496,Model_D
1497,Model_G
1498,Model_A
1499,Model_C
1500,Model_B
1501,Model_J
1502,Model_F
1503,Model_D
1504,Model_H
1505,Model_H
1506,Model_D
1507,Model_B
1508,Model_K
1509,Model_J
1510,Model_F
1511,Model_K
1512,Model_A
1513,Model_C
1514,Model_I
1515,Model_E
1516,Model_K
1517,Model_I
1518,Model_I
1519,Model_A
1520,Model_K
1521,Model_I
1522,Model_I
1523,Model_D
1524,Model_K
1525,Model_A
1526,Model_A
1527,Model_B
1528,Model_D
1529,Model_B
1530,Model_I
1531,Model_I
1532,Model_I
1533,Model_H
1534,Model_I
1535,Model_K
1536,Model_B
1537,Model_B
1538,Model_K
1539,Model_B
1540,Model_K
1541,Model_H
1542,Model_G
1543,Model_E
1544,Model_E
1545,Model_J
1546,Model_H
1547,Model_I
1548,Model_H
1549,Model_A
1550,Model_H
1551,Model_K
1552,Model_F
1553,Model_F
1554,Model_H
1555,Model_K
1556,Model_K
1557,Model_H
1558,Model_K
1559,Model_K
1560,Model_F
1561,Model_K
1562,Model_K
1563,Model_K
1564,Model_H
1565,Model_H
1566,Model_H
1567,Model_K
1568,Model_K
1569,Model_F
1570,Model_F
1571,Model_K
1572,Model_F
1573,Model_F
1574,Model_F
1575,Model_K
1576,Model_K
1577,Model_H
1578,Model_F
1579,Model_F
1580,Model_F
1581,Model_K
1582,Model_H
1583,Model_H
1584,Model_F
1585,Model_K
1586,Model_K
1587,Model_F
1588,Model_H
1589,Model_F
1590,Model_K
1591,Model_F
1592,Model_F
1593,Model_H
1594,Model_H
1595,Model_K
1596,Model_K
1597,Model_K
1598,Model_K
1599,Model_K
1600,Model_F
1601,Model_F
1602,Model_K
1603,Model_K
1604,Model_F
1605,Model_C
1606,Model_F
1607,Model_H
1608,Model_F
1609,Model_F
1610,Model_H
1611,Model_K
1612,Model_F
1613,Model_K
1614,Model_F
1615,Model_H
1616,Model_H
1617,Model_K
1618,Model_K
1619,Model_F
1620,Model_K
1621,Model_K
1622,Model_K
1623,Model_K
1624,Model_F
1625,Model_F
1626,Model_F
1627,Model_H
1628,Model_K
1629,Model_F
1630,Model_H
1631,Model_B
1632,Model_F
1633,Model_H
1634,Model_F
1635,Model_K
1636,Model_H
1637,Model_K
1638,Model_F
1639,Model_K
1640,Model_H
1641,Model_H
1642,Model_H
1643,Model_F
1644,Model_K
1645,Model_F
1646,Model_K
1647,Model_K
1648,Model_K
1649,Model_H
1650,Model_K
1651,Model_K
1652,Model_F
1653,Model_C
1654,Model_F
1655,Model_K
1656,Model_F
1657,Model_A
1658,Model_B
1659,Model_K
1660,Model_F
1661,Model_K
1662,Model_H
1663,Model_K
1664,Model_K
1665,Model_K
1666,Model_F
1667,Model_H
1668,Model_E
1669,Model_F
1670,Model_H
1671,Model_J
1672,Model_H
1673,Model_H
1674,Model_F
1675,Model_K
1676,Model_K
1677,Model_K
1678,Model_F
1679,Model_K
1680,Model_F
1681,Model_F
1682,Model_F
1683,Model_K
1684,Model_F
1685,Model_H
1686,Model_K
1687,Model_K
1688,Model_J
1689,Model_K
1690,Model_F
1691,Model_H
1692,Model_K
1693,Model_J
1694,Model_K
1695,Model_K
1696,Model_K
1697,Model_K
1698,Model_H
1699,Model_K
1700,Model_F
1701,Model_F
1702,Model_K
1703,Model_F
1704,Model_F
1705,Model_K
1706,Model_K
1707,Model_K
1708,Model_F
1709,Model_K
1710,Model_K
1711,Model_F
1712,Model_K
1713,Model_F
1714,Model_F
1715,Model_H
1716,Model_K
1717,Model_K
1718,Model_K
1719,Model_K
1720,Model_E
1721,Model_K
1722,Model_K
1723,Model_K
1724,Model_F
1725,Model_K
1726,Model_K
1727,Model_K
1728,Model_K
1729,Model_K
1730,Model_H
1731,Model_H
1732,Model_K
1733,Model_K
1734,Model_K
1735,Model_K
1736,Model_K
1737,Model_F
1738,Model_H
1739,Model_K
1740,Model_K
1741,Model_K
1742,Model_K
1743,Model_F
1744,Model_F
1745,Model_K
1746,Model_K
1747,Model_F
1748,Model_D
1749,Model_H
1750,Model_F
1751,Model_I
1752,Model_F
1753,Model_F
1754,Model_K
1755,Model_H
1756,Model_H
1757,Model_K
1758,Model_K
1759,Model_H
1760,Model_F
1761,Model_F
1762,Model_K
1763,Model_F
1764,Model_K
1765,Model_K
1766,Model_K
1767,Model_F
1768,Model_H
1769,Model_G
1770,Model_K
1771,Model_J
1772,Model_K
1773,Model_F
1774,Model_K
1775,Model_H
1776,Model_J
1777,Model_K
1778,Model_F
1779,Model_H
1780,Model_H
1781,Model_K
1782,Model_H
1783,Model_K
1784,Model_F
1785,Model_K
1786,Model_F
1787,Model_F
1788,Model_F
1789,Model_K
1790,Model_H
1791,Model_K
1792,Model_F
1793,Model_K
1794,Model_F
1795,Model_K
1796,Model_H
1797,Model_F
1798,Model_E
1799,Model_A
1800,Model_H
1801,Model_K
1802,Model_K
1803,Model_H
1804,Model_K
1805,Model_K
1806,Model_F
1807,Model_F
1808,Model_F
1809,Model_F
1810,Model_H
1811,Model_H
1812,Model_K
1813,Model_K
1814,Model_K
1815,Model_K
1816,Model_F
1817,Model_F
1818,Model_F
1819,Model_K
1820,Model_K
1821,Model_F
1822,Model_H
1823,Model_K
1824,Model_F
1825,Model_H
1826,Model_K
1827,Model_K
1828,Model_H
1829,Model_K
1830,Model_H
1831,Model_H
1832,Model_K
1833,Model_K
1834,Model_K
1835,Model_K
1836,Model_K
1837,Model_K
1838,Model_H
1839,Model_K
1840,Model_K
1841,Model_F
1842,Model_K
1843,Model_K
1844,Model_K
1845,Model_F
1846,Model_K
1847,Model_K
1848,Model_H
1849,Model_K
1850,Model_K
1851,Model_K
1852,Model_F
1853,Model_K
1854,Model_F
1855,Model_F
1856,Model_K
1857,Model_F
1858,Model_K
1859,Model_H
1860,Model_F
1861,Model_K
1862,Model_F
1863,Model_K
1864,Model_B
1865,Model_F
1866,Model_K
1867,Model_K
1868,Model_K
1869,Model_F
1870,Model_K
1871,Model_K
1872,Model_K
1873,Model_F
1874,Model_K
1875,Model_F
1876,Model_F
1877,Model_F
1878,Model_K
1879,Model_F
1880,Model_K
1881,Model_K
1882,Model_F
1883,Model_K
1884,Model_K
1885,Model_F
1886,Model_K
1887,Model_J
1888,Model_K
1889,Model_K
1890,Model_K
1891,Model_F
1892,Model_K
1893,Model_F
1894,Model_K
1895,Model_F
1896,Model_K
1897,Model_K
1898,Model_H
1899,Model_K
1900,Model_K
1901,Model_K
1902,Model_K
1903,Model_H
1904,Model_K
1905,Model_K
1906,Model_F
1907,Model_K
1908,Model_F
1909,Model_K
1910,Model_K
1911,Model_F
1912,Model_F
1913,Model_F
1914,Model_H
1915,Model_H
1916,Model_F
1917,Model_F
1918,Model_K
1919,Model_K
1920,Model_F
1921,Model_F
1922,Model_F
1923,Model_F
1924,Model_K
1925,Model_C
1926,Model_K
1927,Model_K
1928,Model_F
1929,Model_F
1930,Model_K
1931,Model_K
1932,Model_F
1933,Model_F
1934,Model_F
1935,Model_H
1936,Model_K
1937,Model_K
1938,Model_F
1939,Model_F
1940,Model_K
1941,Model_K
1942,Model_F
1943,Model_H
1944,Model_F
1945,Model_F
1946,Model_F
1947,Model_F
1948,Model_K
1949,Model_K
1950,Model_F
1951,Model_K
1952,Model_F
1953,Model_F
1954,Model_K
1955,Model_K
1956,Model_H
1957,Model_F
1958,Model_F
1959,Model_K
1960,Model_F
1961,Model_K
1962,Model_K
1963,Model_K
1964,Model_K
1965,Model_F
1966,Model_F
1967,Model_K
1968,Model_F
1969,Model_K
1970,Model_K
1971,Model_K
1972,Model_K
1973,Model_K
1974,Model_H
1975,Model_F
1976,Model_F
1977,Model_K
1978,Model_F
1979,Model_F
1980,Model_H
1981,Model_K
1982,Model_J
1983,Model_F
1984,Model_F
1985,Model_K
1986,Model_H
1987,Model_K
1988,Model_H
1989,Model_F
1990,Model_F
1991,Model_F
1992,Model_C
1993,Model_F
1994,Model_H
1995,Model_K
1996,Model_H
1997,Model_K
1998,Model_F
1999,Model_F
2000,Model_K
2001,Model_H
2002,Model_B
2003,Model_C
2004,Model_F
2005,Model_K
2006,Model_K
2007,Model_F
2008,Model_K
2009,Model_H
2010,Model_F
2011,Model_K
2012,Model_F
2013,Model_K
2014,Model_K
2015,Model_K
2016,Model_K
2017,Model_K
2018,Model_J
2019,Model_H
2020,Model_F
2021,Model_F
2022,Model_F
2023,Model_K
2024,Model_K
2025,Model_H
2026,Model_H
2027,Model_K
2028,Model_H
2029,Model_K
2030,Model_K
2031,Model_E
2032,Model_K
2033,Model_K
2034,Model_K
2035,Model_K
2036,Model_K
2037,Model_K
2038,Model_K
2039,Model_K
2040,Model_K
2041,Model_K
2042,Model_F
2043,Model_K
2044,Model_F
2045,Model_K
2046,Model_K
2047,Model_K
2048,Model_F
2049,Model_H
2050,Model_K
2051,Model_K
2052,Model_K
2053,Model_H
2054,Model_F
2055,Model_F
2056,Model_F
2057,Model_F
2058,Model_F
2059,Model_F
2060,Model_K
2061,Model_F
2062,Model_K
2063,Model_K
2064,Model_H
2065,Model_H
2066,Model_H
2067,Model_K
2068,Model_F
2069,Model_H
2070,Model_K
2071,Model_K
2072,Model_J
2073,Model_F
2074,Model_K
2075,Model_K
2076,Model_K
2077,Model_F
2078,Model_F
2079,Model_K
2080,Model_F
2081,Model_H
2082,Model_K
2083,Model_K
2084,Model_F
2085,Model_K
2086,Model_F
2087,Model_K
2088,Model_F
2089,Model_F
2090,Model_K
2091,Model_H
2092,Model_F
2093,Model_F
2094,Model_H
2095,Model_K
2096,Model_H
2097,Model_K
2098,Model_F
2099,Model_K
2100,Model_F
2101,Model_H
2102,Model_K
2103,Model_K
2104,Model_H
2105,Model_K
2106,Model_F
2107,Model_K
2108,Model_K
2109,Model_E
2110,Model_F
2111,Model_K
2112,Model_F
2113,Model_K
2114,Model_K
2115,Model_K
2116,Model_F
2117,Model_E
2118,Model_K
2119,Model_F
2120,Model_K
2121,Model_K
2122,Model_F
2123,Model_H
2124,Model_K
2125,Model_K
2126,Model_K
2127,Model_H
2128,Model_H
2129,Model_K
2130,Model_H
2131,Model_K
2132,Model_K
2133,Model_K
2134,Model_K
2135,Model_F
2136,Model_K
2137,Model_F
2138,Model_F
2139,Model_K
2140,Model_K
2141,Model_F
2142,Model_B
2143,Model_F
2144,Model_F
2145,Model_F
2146,Model_F
2147,Model_F
2148,Model_E
2149,Model_K
2150,Model_J
2151,Model_K
2152,Model_K
2153,Model_F
2154,Model_K
2155,Model_F
2156,Model_F
2157,Model_H
2158,Model_F
2159,Model_K
2160,Model_K
2161,Model_H
2162,Model_K
2163,Model_F
2164,Model_F
2165,Model_K
2166,Model_G
2167,Model_K
2168,Model_K
2169,Model_F
2170,Model_K
2171,Model_K
2172,Model_F
2173,Model_F
2174,Model_F
2175,Model_F
2176,Model_H
2177,Model_H
2178,Model_F
2179,Model_K
2180,Model_F
2181,Model_F
2182,Model_K
2183,Model_K
2184,Model_K
2185,Model_K
2186,Model_F
2187,Model_K
2188,Model_K
2189,Model_F
2190,Model_H
2191,Model_K
2192,Model_F
2193,Model_F
2194,Model_K
2195,Model_F
2196,Model_K
2197,Model_K
2198,Model_F
2199,Model_K
2200,Model_K
2201,Model_H
2202,Model_F
2203,Model_F
2204,Model_F
2205,Model_K
2206,Model_C
2207,Model_F
2208,Model_F
2209,Model_K
2210,Model_K
2211,Model_K
2212,Model_F
2213,Model_K
2214,Model_F
2215,Model_F
2216,Model_H
2217,Model_K
2218,Model_F
2219,Model_F
2220,Model_K
2221,Model_H
2222,Model_F
2223,Model_K
2224,Model_F
2225,Model_K
2226,Model_F
2227,Model_F
2228,Model_K
2229,Model_K
2230,Model_F
2231,Model_K
2232,Model_F
2233,Model_F
2234,Model_H
2235,Model_H
2236,Model_F
2237,Model_K
2238,Model_F
2239,Model_F
2240,Model_K
2241,Model_J
2242,Model_K
2243,Model_H
2244,Model_K
2245,Model_K
2246,Model_F
2247,Model_F
2248,Model_K
2249,Model_F
2250,Model_K
2251,Model_K
2252,Model_K
2253,Model_F
2254,Model_K
2255,Model_F
2256,Model_K
2257,Model_F
2258,Model_F
2259,Model_H
2260,Model_K
2261,Model_F
2262,Model_K
2263,Model_F
2264,Model_F
2265,Model_H
2266,Model_F
2267,Model_K
2268,Model_K
2269,Model_K
2270,Model_K
2271,Model_F
2272,Model_E
2273,Model_F
2274,Model_F
2275,Model_F
2276,Model_F
2277,Model_K
2278,Model_K
2279,Model_F
2280,Model_F
2281,Model_F
2282,Model_F
2283,Model_K
2284,Model_F
2285,Model_F
2286,Model_F
2287,Model_F
2288,Model_K
2289,Model_K
2290,Model_F
2291,Model_F
2292,Model_H
2293,Model_F
2294,Model_H
2295,Model_H
2296,Model_F
2297,Model_K
2298,Model_H
2299,Model_K
2300,Model_F
2301,Model_F
2302,Model_H
2303,Model_K
2304,Model_K
2305,Model_K
2306,Model_B
2307,Model_K
2308,Model_K
2309,Model_K
2310,Model_H
2311,Model_K
2312,Model_F
2313,Model_F
2314,Model_K
2315,Model_K
2316,Model_B
2317,Model_K
2318,Model_K
2319,Model_F
2320,Model_K
2321,Model_K
2322,Model_K
2323,Model_C
2324,Model_K
2325,Model_K
2326,Model_K
2327,Model_F
2328,Model_F
2329,Model_F
2330,Model_H
2331,Model_K
2332,Model_F
2333,Model_K
2334,Model_H
2335,Model_H
2336,Model_K
2337,Model_H
2338,Model_F
2339,Model_F
2340,Model_K
2341,Model_H
2342,Model_K
2343,Model_F
2344,Model_K
2345,Model_F
2346,Model_K
2347,Model_H
2348,Model_K
2349,Model_H
2350,Model_F
2351,Model_F
2352,Model_F
2353,Model_F
2354,Model_K
2355,Model_K
2356,Model_H
2357,Model_K
2358,Model_F
2359,Model_F
2360,Model_K
2361,Model_F
2362,Model_C
2363,Model_K
2364,Model_K
2365,Model_F
2366,Model_K
2367,Model_K
2368,Model_K
2369,Model_F
2370,Model_H
2371,Model_F
2372,Model_H
2373,Model_F
2374,Model_K
2375,Model_K
2376,Model_K
2377,Model_K
2378,Model_K
2379,Model_K
2380,Model_F
2381,Model_H
2382,Model_F
2383,Model_K
2384,Model_K
2385,Model_H
2386,Model_F
2387,Model_F
2388,Model_F
2389,Model_F
2390,Model_K
2391,Model_F
2392,Model_K
2393,Model_K
2394,Model_K
2395,Model_F
2396,Model_E
2397,Model_F
2398,Model_F
2399,Model_F
2400,Model_H
2401,Model_K
2402,Model_H
2403,Model_K
2404,Model_K
2405,Model_K
2406,Model_K
2407,Model_C
2408,Model_F
2409,Model_F
2410,Model_K
2411,Model_K
2412,Model_F
2413,Model_F
2414,Model_K
2415,Model_K
2416,Model_K
2417,Model_B
2418,Model_D
2419,Model_B
2420,Model_A
2421,Model_D
2422,Model_D
2423,Model_D
2424,Model_C
2425,Model_D
2426,Model_G
2427,Model_C
2428,Model_C
2429,Model_C
2430,Model_G
2431,Model_B
2432,Model_D
2433,Model_D
2434,Model_C
2435,Model_A
2436,Model_B
2437,Model_C
2438,Model_J
2439,Model_B
2440,Model_J
2441,Model_J
2442,Model_K
2443,Model_J
2444,Model_D
2445,Model_C
2446,Model_C
2447,Model_D
2448,Model_C
2449,Model_C
2450,Model_B
2451,Model_C
2452,Model_C
2453,Model_D
2454,Model_C
2455,Model_G
2456,Model_D
2457,Model_D
2458,Model_G
2459,Model_B
2460,Model_D
2461,Model_G
2462,Model_G
2463,Model_C
2464,Model_C
2465,Model_A
2466,Model_D
2467,Model_K
2468,Model_B
2469,Model_K
2470,Model_G
2471,Model_B
2472,Model_E
2473,Model_C
2474,Model_K
2475,Model_D
2476,Model_K
2477,Model_D
2478,Model_C
2479,Model_C
2480,Model_B
2481,Model_G
2482,Model_D
2483,Model_C
2484,Model_G
2485,Model_K
2486,Model_G
2487,Model_B
2488,Model_J
2489,Model_D
2490,Model_G
2491,Model_C
2492,Model_G
2493,Model_B
2494,Model_D
2495,Model_G
2496,Model_J
2497,Model_J
2498,Model_D
2499,Model_D
2500,Model_C
2501,Model_C
2502,Model_D
2503,Model_D
2504,Model_C
2505,Model_C
2506,Model_C
2507,Model_D
2508,Model_D
2509,Model_C
2510,Model_J
2511,Model_D
2512,Model_G
2513,Model_D
2514,Model_D
2515,Model_B
2516,Model_A
2517,Model_F
2518,Model_G
2519,Model_D
2520,Model_I
2521,Model_G
2522,Model_G
2523,Model_K
2524,Model_D
2525,Model_G
2526,Model_G
2527,Model_K
2528,Model_D
2529,Model_G
2530,Model_D
2531,Model_K
2532,Model_D
2533,Model_D
2534,Model_I
2535,Model_D
2536,Model_D
2537,Model_D
2538,Model_I
2539,Model_K
2540,Model_E
2541,Model_K
2542,Model_D
2543,Model_D
2544,Model_K
2545,Model_D
2546,Model_G
2547,Model_D
2548,Model_E
2549,Model_K
2550,Model_G
