q_id,gold_quotes
0,text3 text9 text2 image3 text10
1,text4 image5 text5 image3 text1
2,image4 text3 text7 text2 text1
3,image2 text10 text7 text1 text8
4,image1 image4 text1 image5 image3
5,image2 text2 image4 image3 text1
6,text5 text6 text9 text2 text7
7,text5 text2 image3 image5 image4
8,text1 image4 text8 text7 image1
10,text3 image1 image5 text6 image4
11,text8 image2 image5 text10 text2
12,image3 image2 image4 text7 text6
13,text5 text1 image1 text7 image4
14,text5 text2 image4 text9 image3
15,image2 image5 image1 text9 image3
16,image3 text2 image2 image5 text6
17,text5 text9 text7 image2 text1
18,text8 text10 text2 text9 text4
19,text3 image1 text5 text10 image2
20,image3 image5 text3 image4 image2
21,image2 text1 image1 image3 image4
23,text4 text9 text5 text1 text2
24,text2 text6 text10 text5 text9
25,image4 text8 text9 text3 image5
26,text4 image2 text3 text9 text1
27,image2 image4 text7 text1 text3
28,image3 text6 image2 text2 text7
29,image3 text3 text9 text10 text8
30,text4 text2 text5 text3 image5
31,image3 image4 image2 text7 image5
32,image3 image4 image5 text8 text9
33,text7 text6 image3 text1 image4
34,text6 text4 text10 text5 text9
35,image3 image1 text9 text3 image2
36,image1 image5 text1 image4 text5
37,text10 image3 text5 image5 text1
38,text8 text6 text1 text9 text10
39,image2 text9 image5 text10 image3
40,image2 text2 image1 image4 image3
41,image3 text3 image5 text5 text1
42,image4 text5 text8 image2 text9
43,text3 text6 text4 text2 text10
44,image2 text2 image5 text7 text10
45,text3 text1 image1 text4 text7
46,image5 image3 text6 text3 text10
47,text3 text6 text5 text10 text9
49,text5 text9 image5 text6 text8
50,image4 text1 image5 text8 text2
51,image4 image3 text2 image1 image5
52,image2 image5 image3 image1 image4
53,image5 text7 image4 image1 text8
54,image2 image1 text6 image5 image4
55,text5 image5 text9 image2 text6
58,image4 text2 image1 image3 image2
59,text5 text8 text10 text2 text7
62,image3 text5 text9 text7 text3
64,text10 text1 text5 text8 image1
66,image3 text9 image5 text7 text4
69,text8 image2 text7 image1 text4
71,text5 image1 text6 image3 text4
72,text5 image3 text3 text1 image5
75,text5 image4 text8 text4 image1
78,text1 image1 text9 image5 text2
79,image1 image5 text3 image4 image2
80,image4 image3 text7 text10 text6
81,image4 text8 text5 text7 text10
84,image4 text1 text6 text10 text3
85,image5 text6 text5 image3 image4
88,image1 image5 text5 image4 text2
89,text9 image2 image3 text4 text2
90,text10 text7 text3 image4 image1
91,text8 text6 image4 image1 text2
93,text9 image5 text4 text8 image1
94,text8 image4 text4 text5 image2
96,text10 text6 text8 image1 text9
97,image4 image3 text8 text4 image1
102,image2 text7 image5 text6 text2
103,text8 image4 text6 image2 image5
104,image2 image3 text8 text9 text7
107,text2 image1 text1 text5 image4
108,text10 text2 text3 text8 image4
113,image1 text7 image3 image5 text6
117,text6 image4 text3 text8 text5
119,image1 text10 image2 image3 text4
120,text1 image2 image3 image1 text9
122,image4 text2 image5 image2 text3
124,image2 text9 text2 text4 image1
125,image3 text4 text5 text1 image4
126,image2 image1 text2 text5 text9
128,image2 text2 text7 text3 text4
130,text2 image1 text4 text3 text5
131,image1 text2 text6 text10 text8
133,text2 text10 text7 text4 text1
134,text1 text9 text10 image4 image1
135,text6 text10 image3 image4 text7
138,text8 text10 text5 image2 text3
139,image3 text9 image5 text5 image2
140,image2 text4 text9 text3 text6
142,image2 image5 text6 text4 text10
143,image2 text7 image5 text4 text9
144,text2 text1 image1 text4 text3
147,text6 image4 image3 text1 text10
148,image2 image4 text4 text8 text6
149,text7 text3 text4 text8 text10
150,image5 text4 text2 text5 text3
152,text7 text8 text10 image4 text9
153,image2 text9 text5 text7 image3
154,text6 text10 text9 image2 text1
155,image4 image2 text1 image3 text6
156,text6 text1 text2 text10 text7
157,text1 text7 image3 text4 text9
161,image2 text9 text1 image3 text5
163,text4 image4 text2 image5 text6
164,image4 text7 text4 text10 text1
165,image3 text1 text6 image4 text2
167,text4 text6 image4 text9 text2
168,text4 image2 text1 text6 text3
169,image2 text5 text4 text2 text10
170,text1 image1 text8 text5 text10
171,image2 text7 text4 text1 image5
173,image1 text5 text3 text10 image4
174,image2 text4 text2 image4 text10
178,image2 text3 text4 text2 text6
180,image3 image1 text4 text10 text6
182,image5 image3 text2 image1 image4
183,text7 image2 text9 text1 image1
185,text8 text7 image4 text3 image5
186,text3 image1 text9 image3 text1
188,image2 text6 text10 text7 image3
192,text9 text1 text2 image4 text8
193,text9 text5 image1 text3 text10
202,image1 text8 image3 image4 text4
203,image1 image3 text3 text4 image4
204,text5 image2 text10 text2 text7
205,image2 text6 text5 image3 text2
207,text3 text4 image4 text6 text9
209,text4 text9 image2 text10 text2
211,text4 text2 image4 text3 text10
212,image3 text1 text3 image2 text7
213,image2 text2 image1 image4 image3
215,text9 text1 image5 text6 image2
216,image1 text9 text6 text5 text8
218,image1 text4 text7 text5 text8
219,image2 image4 text10 text7 text8
220,text5 image3 text8 text6 image1
221,text10 text7 image2 image1 text5
226,text10 text5 text2 text9 text1
229,image5 text7 text10 text5 text8
230,text7 text8 image3 text6 image5
231,text4 text6 text9 image3 text10
232,image5 text5 text2 text1 image2
233,image4 text7 image5 text5 text6
235,text3 text9 image1 image3 text2
236,text9 image5 image1 text1 text5
237,image3 image4 image2 text3 text9
238,image3 image1 image2 image4 text1
239,image1 image2 text5 image3 text4
240,text7 image3 image2 image4 text9
241,image3 image2 text4 image4 image1
243,text1 image2 image3 image1 text3
244,image2 image4 image3 text6 text3
245,image3 text1 text2 image5 text5
246,text1 image5 image4 text4 text5
247,image2 text4 text7 image5 text3
248,image5 image2 text6 text4 text10
249,image3 text1 image5 image1 text4
250,text10 image1 image5 image3 text7
251,image4 image1 image5 image2 image3
252,image1 image5 image3 image4 image2
253,image4 text9 text4 text5 text7
254,image4 image2 image5 image3 text10
255,image1 image2 image3 text6 text1
256,image4 text7 image1 image5 text10
257,image1 image2 text6 image5 text8
258,image4 image5 text1 image1 text7
259,image3 text10 image4 image5 text8
260,image1 image4 image2 image3 image5
261,image4 image2 image5 text8 text5
262,image1 image3 image5 text3 text10
263,image2 image4 text6 text3 text5
264,image4 image1 image5 image2 text7
265,image4 text4 image3 image2 image5
266,image1 image4 image3 image2 text9
267,image4 image2 image1 image5 text4
268,image2 image5 image1 text7 image4
269,image2 image5 image1 text10 image4
270,image2 image4 image3 text5 image5
271,image5 image2 image4 text3 text6
272,image5 image2 text6 image1 image3
273,image2 image1 text5 image5 text8
274,image3 text6 image4 image2 image1
275,image3 text5 text6 image2 text7
276,image1 image3 image2 image5 text9
277,image1 image2 image3 text7 text1
278,image3 image4 image2 image5 text2
279,image4 image1 image5 image2 text10
280,image2 image4 image1 image3 image5
281,image2 image5 image3 image4 image1
282,image1 image2 text3 image5 image3
284,image1 image4 image2 text10 image3
285,image5 image3 text5 image1 image2
286,image3 image5 text7 image1 text2
287,image5 image2 image1 image4 text10
288,image5 image1 image3 text7 image4
289,image4 image5 image2 text3 text4
290,image4 text3 image1 image5 image3
291,image4 image2 text3 image3 text10
292,image2 image1 image3 text4 text9
293,image3 text2 text7 text8 text9
294,text1 text3 text10 image4 text8
295,text9 text10 text8 text4 text2
296,text1 text8 image2 image1 text9
297,text8 image4 image3 image5 text1
298,image5 image3 text9 text3 text10
299,image5 image3 image2 text4 image4
300,image3 text7 image5 text6 text8
301,image3 image4 text4 text10 text9
302,text1 image2 text4 image4 image5
303,text1 image1 text6 text10 image5
304,image5 image3 text7 image1 image2
305,text2 text9 image3 text6 text5
306,text2 text7 text10 text5 image5
307,text3 text6 text2 text9 image2
308,image2 text4 text1 text6 image3
309,text7 image3 text3 image1 image5
310,image1 text8 image4 image3 text1
311,image4 text3 text10 image1 text8
312,image2 image3 text5 text7 text4
314,image5 image4 text5 image1 text6
315,image3 text9 text4 text2 text5
316,image3 text6 image2 text2 text1
317,text10 image5 image1 text4 text9
318,image4 image1 text2 text9 image3
319,image4 image3 text2 text5 image2
320,image4 text7 image2 text10 text6
321,image1 image3 text2 text8 text4
322,image4 image3 text1 text7 image2
323,image4 text7 image5 text10 image2
324,image5 image4 text4 image1 text7
325,text7 text5 text6 text1 text2
326,image4 image5 image2 text2 text7
327,image3 image1 image5 text9 image2
328,image2 image4 image3 text4 image1
329,image4 image2 image3 image5 text3
330,image4 image1 text2 image5 image3
331,image3 image2 text8 image4 text5
333,image3 image1 image2 text6 text4
334,image5 text8 image3 image1 text6
335,image3 text1 image1 text5 text2
337,text5 image5 image4 image1 text2
338,image3 text8 text7 text1 text6
339,image4 text3 text2 text9 text5
341,image5 image3 image4 text9 text4
342,image5 text10 image2 text1 text6
343,image2 text8 image5 text5 text3
344,image3 image2 image4 image5 text10
345,image3 text8 text4 text1 image2
346,text10 text8 text5 image2 text2
347,text7 image2 text6 text5 text9
348,text4 text6 text3 image2 text2
349,image3 text5 text9 text2 image1
350,image4 image3 image5 image1 text3
351,image3 image1 image5 image4 text8
352,text10 image5 text1 text3 text6
353,text3 image3 text10 text2 text9
354,text1 text4 image1 text7 image3
355,image1 image3 text6 text9 text3
357,image5 text1 text3 text8 image1
358,image2 text9 text5 image4 text7
360,image2 image4 text9 image1 text1
361,image5 text6 image3 text8 image4
362,text2 image5 image2 text5 image4
363,image5 text10 text4 image1 image3
364,image1 image4 text9 text6 text3
365,image4 image2 image5 text9 text2
366,image3 image2 text1 text5 text8
367,image1 text7 text2 text10 text1
369,image5 image3 text7 text1 text5
375,image4 image1 text3 text1 text2
376,image4 image1 image3 text2 image2
377,image2 image4 image1 image5 text1
378,image1 image3 text2 image5 image4
379,image5 image4 text6 image2 text3
380,text8 image4 image1 image5 text6
383,image5 text6 text7 text1 text10
386,image5 text7 image2 image1 text2
387,text7 text5 text4 image5 text9
388,image2 text2 text7 text4 image4
390,text4 image1 image2 text2 image5
391,image1 text9 image4 text4 text2
392,image2 image3 text6 image4 image5
393,text3 image5 image4 text4 image3
395,image3 text7 image5 image2 text3
396,image3 image4 image1 image2 text6
397,image1 text4 text8 image2 image4
398,image4 image5 image1 text3 image2
400,image4 image5 text10 text8 text6
401,image4 text2 text4 image1 text3
402,image3 image1 image4 text6 text2
403,image4 text4 image5 text3 image1
404,image5 image2 text6 text7 text8
405,image5 image2 image1 text8 text4
406,image1 image5 text4 text3 text7
407,text8 text1 text2 text9 text6
408,image3 image5 text6 image4 text4
410,image2 text1 image1 image5 text2
411,image4 image5 image3 text8 text6
412,image2 image1 image3 text4 text10
413,image1 image2 image3 text6 text5
415,text8 image3 text10 text6 text1
416,image4 image3 image1 text3 text9
417,image3 image5 text6 image4 text4
418,image4 text7 text9 text4 text1
421,image1 image5 text7 image4 image2
423,text3 image2 text7 image4 text8
424,image5 text5 text2 text6 image3
426,image1 text2 text9 text3 image4
427,image2 image4 text6 text7 text9
428,image5 text6 text9 text8 text5
429,text6 image5 image4 image3 image1
432,text2 text7 image4 image3 image2
433,image4 image5 text2 text1 image2
434,image5 image3 image4 text3 text5
436,text7 image3 text5 text3 image2
437,image5 text3 image3 text1 text2
440,text5 image2 text4 text2 text8
442,image4 image2 image1 image3 image5
444,image1 text8 image3 image2 text7
446,image2 image4 text2 text9 text7
450,image1 image5 image4 image2 text9
451,text1 image3 image1 image4 image2
453,image5 image3 image4 image1 text6
454,text1 text6 text3 text2 text4
455,image5 image2 text1 text6 text2
456,image5 image1 text9 text5 image3
458,image1 image3 image2 text3 text9
459,text10 text8 image5 text1 text9
460,image1 text7 image4 image2 text4
461,image2 text7 text5 image5 text1
462,image3 image2 image1 text8 image5
464,text6 image4 image1 image3 text9
465,image5 image2 image4 image1 image3
466,image5 text5 image1 text1 image4
467,text4 image4 image1 text2 text7
468,image3 text5 text4 text2 text9
469,text7 image3 text5 text4 text1
470,image4 text1 text9 image1 image5
471,text10 image1 image2 text5 image5
472,text6 image2 text2 text10 image1
473,text8 text7 text10 image4 text9
474,image5 text4 text6 text3 text1
475,image4 image3 text10 image1 text4
476,image1 text2 image4 text3 text6
477,image3 text4 image5 text8 image1
478,text1 image2 text8 text10 text4
479,text2 image2 image1 text8 text5
480,image3 image2 image1 text1 text10
481,text8 image3 text2 text4 image1
482,text9 text4 image5 text10 image3
483,image1 image2 image4 image5 text6
484,image1 image3 image5 image2 text8
485,image3 image5 text8 text9 image2
486,text1 text6 text3 text8 image5
487,image2 image1 image4 text3 image5
488,image2 image1 image3 text2 text4
490,image3 image5 image1 image2 image4
491,image5 image3 text6 image4 text3
492,text1 image2 image4 text2 text6
493,image3 text2 text4 text10 text8
494,image4 text10 image2 text1 text8
495,image1 text9 image5 text8 image2
496,image3 text7 image2 text1 text10
497,text10 text4 image3 text2 image2
498,image3 image5 text6 text2 text10
499,text7 text1 image1 text4 image5
501,image1 image4 image2 image3 text1
502,image4 text1 image1 text10 text8
503,image3 image2 image5 text4 text10
504,image3 image1 image5 image4 image2
505,image5 text1 text5 image4 text8
506,image2 image4 text9 image1 image3
507,image2 image3 text10 text9 text6
508,text2 text7 text10 text8 image4
511,image1 text1 image2 text7 text9
512,text5 text3 text7 text10 text8
513,text8 text6 image2 image4 text5
514,image5 text3 text7 text9 text5
515,image2 image3 image1 image5 text6
516,text2 image1 text7 text5 image3
517,image2 text7 text2 image5 text8
518,image4 text7 text1 text5 text8
519,text6 image4 text9 image1 text4
521,image2 text9 text6 image4 image3
522,text3 image5 text4 image1 image4
523,image5 image3 text3 image1 text10
524,image5 text3 image4 text10 text8
526,text10 text7 text4 text5 text8
527,text6 text8 image1 image5 image2
529,image5 image2 image1 text3 text1
531,image4 text8 image3 text5 image1
532,image4 text10 image1 text7 text1
533,image2 image4 text6 image1 text10
534,text9 text7 image4 image3 text6
535,image3 text5 text2 image5 text3
536,image3 text10 text4 image4 text9
537,image4 image3 image5 text6 text7
539,image3 image1 text9 image5 image4
540,image5 image4 image1 text9 image2
541,image5 text5 text2 text10 text4
543,image2 image1 image5 image3 text9
545,image5 text5 image2 image4 image1
546,text10 text2 text9 text5 image3
548,text4 text6 text10 image5 image3
551,text5 image1 text1 text8 image4
552,image1 image3 text1 text6 text10
553,image5 image1 text9 text1 text4
554,image2 image5 image3 text4 image1
555,image2 image5 image1 text6 text2
558,text6 text10 text4 image5 image1
559,image1 image4 image3 text8 text1
561,text3 text4 text10 text8 text7
562,image2 image1 text8 image4 text5
563,image2 text3 image4 text8 image5
564,image1 text6 image5 text8 image4
565,image5 text5 text6 image1 text7
566,image3 text7 image2 image5 text6
567,image1 text5 text7 text4 text1
568,image2 image5 image1 text9 text1
570,image1 text4 text3 image2 text10
572,image5 text10 image2 text1 text9
573,text8 text10 text1 image5 image4
574,image4 text10 image2 text2 text6
575,text3 image1 text4 image3 text6
576,text5 image4 text9 image3 image2
577,image2 image5 image4 text10 text1
578,image4 image5 image3 text6 text3
579,image4 text1 image1 text2 text5
580,image5 text10 text5 text6 text7
581,image5 image2 text3 text9 text1
582,image4 text10 image3 image5 image1
583,text8 text4 text5 image1 text3
585,image5 text4 image2 image1 image3
586,image4 image3 text6 image5 text9
587,image5 image1 text3 text10 text5
588,text6 text4 text2 text7 text3
589,image3 image5 text10 image1 image4
590,image3 text1 image4 image1 text9
592,image2 text3 image5 image4 text4
593,text2 text1 image4 text4 text9
594,image4 text7 image3 text10 text9
595,image1 text9 text5 image4 text3
596,text1 image5 image4 image3 text10
597,image1 image3 image2 image5 text7
598,image5 text10 text8 text5 text9
599,image3 image5 text1 text3 image4
600,text7 text2 text1 image5 text4
601,text3 image1 text5 text4 text9
602,image4 image3 image1 text5 text9
603,image4 image1 image2 text7 text1
604,text3 image2 text8 text5 image1
607,image5 text3 image3 image4 text1
608,image4 image1 text10 image2 text7
609,image3 text8 image5 text2 text7
610,image3 text2 text9 text5 image1
611,text7 text9 image3 text3 text6
612,image1 image2 image3 text7 text4
614,text3 text1 image3 image4 image2
615,image4 image5 image2 image1 image3
616,text2 text4 text3 text5 text7
617,image5 image4 text3 text8 text4
618,image2 image4 text9 text5 text10
619,image3 text4 text1 text3 image5
620,image4 image1 image3 image5 text7
621,image2 image4 image3 text9 text1
622,image2 text1 image3 text9 image5
623,image2 image1 image4 image5 text3
624,text7 image1 text9 text4 text6
625,image2 text4 text3 image3 text8
626,image1 image5 image2 text2 image3
627,image2 text7 image3 text8 text9
628,image1 image3 image2 text9 text3
629,text1 image3 image4 text7 text4
631,image1 image5 image2 image4 image3
632,image2 text9 text7 image3 text4
633,image3 text8 text10 image2 text6
634,image2 image3 text1 image1 text2
635,text9 text4 image4 image1 text8
639,image4 image3 image5 text1 image1
640,image2 text8 image5 text6 text3
642,text3 text4 image5 image1 text10
644,text5 image5 image1 image4 image3
645,image4 image2 image5 image3 text4
646,text5 image2 image4 image5 image1
647,image4 image3 text7 text4 text2
648,image4 image3 text2 text9 image1
649,image4 image3 text2 text1 text8
650,image3 image1 text3 image2 text1
651,image2 text8 image3 image4 image5
652,image1 text3 image3 text4 text1
654,text10 image3 text4 text3 text5
655,text2 text9 text3 text8 text10
656,image2 text2 text5 image1 text7
657,image1 image2 image5 image3 text3
658,image5 image1 text5 text4 text2
659,image3 image1 image4 text1 text5
660,image4 image3 image2 image1 image5
661,image2 text1 text2 text10 text5
662,image1 text2 text7 text1 text10
663,image5 image2 text5 text7 image4
664,image3 image1 text8 image4 text2
665,text2 text10 text8 text6 text9
666,image1 text5 text1 text2 image3
667,image4 image5 image1 text5 image2
668,image3 text9 image2 text3 text1
669,image5 text7 text3 text4 text1
670,image2 image1 text1 image3 text10
671,image5 text9 text3 text5 text6
672,image2 image1 text4 text1 text8
673,image2 text1 text2 image1 text8
674,image1 text5 image3 image4 text6
675,image2 image3 text9 text10 image5
676,image4 image2 text4 text6 text7
677,image3 text1 image5 image4 text3
678,text4 text8 image2 text5 image4
679,image4 image5 image2 image3 image1
680,image3 image1 text8 text4 image4
681,image3 image5 text3 text2 text6
682,text8 text2 text10 image3 text4
683,image5 image3 text1 image4 text10
685,image3 text5 image4 image1 image2
686,image4 image2 text9 text3 text7
688,image3 text2 image1 text3 image2
689,text5 text9 image1 text3 image2
690,image3 image2 image4 image5 image1
691,image4 text8 image1 text5 text2
692,image5 text8 image2 text3 text10
693,image4 image5 text9 image1 text4
694,image4 image3 image5 image1 image2
695,image5 text4 image4 text7 text3
696,image3 text4 text2 text5 text1
697,image3 image5 text6 image2 image4
698,image1 image3 image2 image5 text1
699,text9 image2 image1 text8 text2
700,image1 image5 text9 image3 text4
701,image5 text4 text1 text2 image3
702,image3 image5 image4 text6 text8
703,text1 image3 text7 image4 image5
704,image1 text8 image3 text3 text9
705,image3 text10 image2 text1 text3
706,image5 text4 image4 text3 text5
707,text9 image5 image3 text10 text8
708,image5 image3 image4 image2 text4
709,text3 image4 text1 text10 image2
710,image1 text8 image3 text9 text7
712,image5 image2 text4 text5 text8
716,text5 image1 image4 text1 text4
717,image1 image2 text5 text10 text1
718,text6 image1 text9 text2 image5
719,image5 image4 text9 text8 image2
720,image3 image1 image4 image2 text3
721,image4 text4 text7 text10 text1
722,text8 image4 text1 text4 text9
723,image5 image1 image3 text2 image2
724,image4 text9 text6 text10 image1
725,image1 text1 image4 text5 text8
726,text9 image4 text4 image1 text7
727,text5 image4 image3 text6 text2
728,image3 text7 text3 image1 text9
729,image3 text3 text8 text2 text10
730,text9 image1 text8 text5 text2
731,image5 image4 text8 image1 text1
732,image2 text5 text10 text9 image4
733,image2 image4 text4 text3 text9
734,image5 image4 text6 text1 text4
735,text10 text3 text8 image4 text7
736,image4 image3 image5 image1 text1
737,image1 text3 text7 text10 text6
738,image1 text9 text10 text6 text7
739,image3 image2 text3 image1 text5
740,image1 image4 image3 text7 text1
741,image1 image3 text3 image5 text1
742,image1 image4 image3 text7 text4
743,image2 image3 text5 image1 text8
744,image1 image3 text9 text5 text3
745,text4 image1 image3 image4 text5
746,image2 text6 text2 text1 image3
747,image3 image4 text5 text1 text10
748,image3 text4 text3 image5 text5
750,image3 image1 text4 text2 text5
751,text1 text3 image3 text8 text7
752,text8 image3 image4 text3 text6
753,image3 text1 text3 image1 text2
754,image4 text10 text2 text8 image5
755,text7 text4 text6 text9 image5
756,text9 image5 image3 text5 text7
757,image1 image3 image2 text3 text6
758,image1 text8 text6 text10 image4
760,image3 text5 text10 image1 text8
761,image5 image3 image1 text2 text4
762,text3 image5 image1 text8 image2
763,image4 text3 image1 image5 text1
764,image4 image5 image1 text10 image3
765,image4 image2 image5 image1 text10
766,image1 text7 text1 text8 text9
767,image1 text7 text4 text6 image4
768,image2 text3 text5 image5 text2
769,image2 image5 image1 image4 text4
770,text7 text8 text9 text6 image4
771,text1 text9 text6 text5 image2
772,image4 text6 text2 text7 text4
773,image2 image5 image1 image4 image3
774,text5 text2 text10 text7 text4
775,image5 text4 text10 text9 text8
776,image3 text7 text10 text8 text1
777,image2 text8 image4 text7 text3
778,image1 image4 image3 text3 text10
779,text9 image5 text6 text5 text4
780,image1 image4 image5 text4 text3
781,text7 image1 image2 text9 text8
782,image1 image2 text4 text2 text1
783,image1 text1 text9 text7 text2
784,image3 image5 text9 image1 text7
785,image5 text5 text9 image3 text7
786,image3 text1 image5 image2 text5
787,text3 image4 image2 image5 image3
788,text1 text3 text10 text9 text5
789,image4 text6 text7 image3 text4
790,image2 text9 image1 text3 text10
791,image5 text10 text6 text3 text7
792,image1 text6 image5 text5 text2
793,text3 image3 image1 text5 image2
794,text9 image4 image2 image1 text4
795,image1 image5 image2 image3 text2
796,image3 text6 text3 image4 image5
797,image3 image2 image5 image1 image4
798,image1 image3 text4 image2 text6
799,text2 text1 text7 text10 text5
800,image3 image1 text5 text2 text10
801,image3 image4 image5 text1 text7
802,image1 text10 text8 image4 text7
803,text10 image5 text2 text4 text1
804,image1 image3 image5 image2 image4
805,image4 image3 image1 text1 text10
806,image5 text4 image2 text8 image3
807,image1 image2 text4 text9 text5
808,image4 text5 image1 image3 image2
810,image2 text8 text2 text3 text1
811,image1 text9 text8 image2 text6
812,text9 text5 text4 text10 image1
813,text8 text6 text9 image5 text3
814,image1 image3 text7 text5 text10
815,image1 text10 image3 text7 text1
816,image4 text3 image3 image2 text1
817,image1 text10 text7 text4 text8
818,image3 text7 text6 text1 image4
819,image3 image4 text3 text4 image2
820,image2 image1 image3 image5 text3
822,image5 image4 image1 image2 text9
823,text3 text9 image1 text8 text2
824,image4 image2 image1 image3 text1
825,text8 image3 image5 text6 image1
826,image2 image5 text2 text3 image4
827,image2 image3 image5 text5 image1
828,text8 image2 text6 image1 image5
829,image2 text9 text1 text10 text2
830,text6 image3 text2 text9 text1
831,image3 text4 text8 text2 text1
832,image1 text5 text8 text7 text2
834,image5 text1 image2 text10 text3
835,image3 image1 text3 text2 text9
836,text7 image1 text9 image4 text1
837,text3 text1 image4 text7 text6
838,text9 text7 text8 text1 text5
839,image5 image3 text4 image1 image2
840,image1 image3 text3 image4 image2
841,text8 text9 text10 image1 text6
842,image2 text4 text6 image3 text10
843,image1 text3 text7 text1 image3
844,image1 text8 text3 image5 image3
845,image1 text10 text9 text2 image2
846,text10 text3 text4 image4 image5
847,text1 text4 image3 text8 text9
848,image3 image4 text4 image1 image2
850,image5 text6 text8 text5 text10
851,image5 text6 text4 text8 text3
852,image3 text10 image1 image5 text8
853,image2 image4 text9 text5 text1
854,image2 image3 image1 text3 text2
855,image5 image2 text3 text4 text10
856,image2 image3 image4 image1 image5
857,image3 text8 text9 text1 text4
858,text1 text2 text8 text4 text5
859,image5 image1 image4 image2 image3
860,text2 text4 image3 text10 image4
861,image5 text1 image1 image3 text8
862,image2 image3 text5 text1 text8
863,image5 image4 text6 text9 text1
864,image4 image1 image2 text7 image3
865,image4 text8 text6 text2 text9
866,image4 text3 text8 text4 text5
867,image3 image5 image1 text7 text10
868,text4 image4 image1 text7 text10
869,text8 image3 text9 image5 text5
870,text10 text7 image2 text3 text9
871,image4 text1 text2 text6 text10
872,text1 text9 image4 text8 image3
873,text8 image2 text3 text10 text2
874,image1 image3 text9 image5 image2
875,image5 image2 image4 text2 text1
876,image1 image4 image5 text5 text3
877,image4 image5 text10 text9 text2
878,text6 image1 text9 text7 image5
879,image5 image1 text9 text6 text7
880,image1 image5 image4 text10 text9
881,image1 image3 image4 image5 image2
882,image2 text8 image3 text6 text3
883,image5 text6 image3 text2 image2
884,text5 image1 image5 image4 text3
885,text7 text4 image5 text6 text1
886,text2 text3 text8 image5 image1
887,image4 text8 text6 text3 text7
888,image2 text9 text4 text10 text7
889,image2 text2 text3 image1 text5
890,image4 image5 text10 text2 image3
891,image2 text1 text8 text6 image5
892,text2 text5 text4 text3 text6
893,image4 image2 text10 image3 image1
894,text6 image3 image2 image4 text7
895,image4 image3 image5 text3 image2
896,text3 image4 image1 text1 text6
897,image5 image4 text3 image1 text1
898,image4 text3 text6 text8 text9
899,text3 text6 text10 image4 text7
900,image1 text6 text8 text10 text4
901,text10 text9 image4 text7 text5
902,image5 text5 text4 text9 text3
903,image4 image1 text8 text6 text1
904,image2 text8 text1 text10 image5
905,image1 text6 text5 image5 image4
906,image1 image4 text10 image2 text9
907,text6 text10 text3 image4 image5
908,image5 image2 image4 image3 text8
909,image3 image4 text6 text9 image2
911,image5 image1 text5 text4 image3
912,text2 text3 image4 text4 image3
913,image2 text9 text1 image3 text2
914,image3 text6 text10 text5 image4
915,image1 text7 text8 text9 text5
916,image2 image4 text6 image5 text8
917,image5 text10 text9 text1 text5
918,image3 text9 image4 text8 text3
919,image4 text2 text8 text7 text1
920,image4 text7 text3 text8 text9
921,image4 text4 text7 image5 text3
922,text6 image2 text7 text10 text8
923,text6 text7 text4 image2 text3
924,image4 text6 text10 text7 text3
925,text1 image1 text8 image3 text7
926,image1 text8 image2 text2 text6
927,image4 text6 text5 text1 image3
928,image5 image3 text6 text3 text4
929,image2 text6 image3 text2 text10
930,image3 image2 text9 image5 text8
931,image3 image1 image5 text2 text7
932,text2 image5 text8 text7 text9
933,text2 image2 text10 image3 text9
934,text5 text6 text1 text4 image4
935,image1 image2 image4 text9 text2
936,image1 image5 image2 text4 text5
937,image5 text8 text6 text2 image4
938,image2 text5 text6 image4 text4
939,image1 image3 text8 text3 text7
940,image1 image5 text2 text10 text1
941,image4 text3 text4 image2 text9
943,image2 image4 image5 text8 text5
944,image5 image1 image3 image2 image4
945,image2 text2 text9 image1 text8
946,text2 image5 text10 text5 text8
947,image1 text8 image4 image5 text1
948,image2 text8 text6 text5 text3
949,text3 image3 image2 image5 text10
950,text9 text6 image3 text10 image1
951,text10 image1 text9 image3 text6
952,image5 image1 image4 image3 image2
953,text3 image3 text10 image4 text5
954,image1 text2 text6 text10 image2
955,image5 text7 image2 text9 text6
956,image4 text2 text10 text1 image5
957,image2 text7 text3 text5 image3
958,image3 image5 text8 image4 text5
959,image1 text2 text6 text1 text4
960,image5 text3 text1 text2 image4
961,text8 image3 text3 text1 text10
962,image3 text9 text5 text7 text1
963,image3 text5 text6 text10 text3
964,image5 text9 text1 text5 text2
965,text8 text2 image3 text10 image5
966,image1 image2 image5 text9 text1
967,image3 text1 image2 text8 image5
968,image4 image1 text6 text5 text7
969,image1 text9 image3 text4 text5
970,image5 image1 image4 image2 text5
971,image3 image2 image4 text3 text5
973,text1 image1 text4 text10 text9
974,image3 text9 text7 text1 image5
975,image5 image1 text3 text9 text2
976,text3 image5 text4 text7 text8
977,text8 text9 text6 image2 text5
978,text4 text7 text9 text1 image1
979,image1 image5 image3 image2 image4
980,text5 text9 text10 text8 text2
981,image3 text3 image5 text2 image1
982,text5 text8 text9 text1 text2
983,image2 text3 image3 text8 image1
984,image4 image3 text4 text3 text10
985,image4 image3 image2 image1 text7
986,text8 text3 image2 text6 text5
987,image1 image4 text10 text4 text1
988,image1 image5 image2 image3 text3
989,text8 text7 image5 image4 text3
990,image1 image3 text3 text4 image5
991,text9 text8 text4 text1 text5
992,image1 text10 text3 image5 text5
993,text9 text3 text5 image5 image2
994,image5 text5 image3 text4 text9
995,text8 image3 image5 image2 image1
996,text8 text3 text2 image3 text9
997,image3 text7 text6 image1 text9
998,image5 text5 text9 text1 text8
999,image3 text5 text8 text2 text9
1000,image2 text2 text1 text9 image5
1001,text3 text5 text1 image1 text8
1002,text6 text1 image3 text7 text3
1003,text6 image1 image5 image3 image4
1004,text1 image3 text2 image5 text7
1005,image3 image2 text6 text5 image4
1006,text1 text3 text8 text2 image5
1007,image2 text7 text9 text6 image1
1008,text4 text10 text7 text6 image1
1009,image1 text4 text2 text5 text8
1010,text4 image1 image4 text7 text5
1011,image3 image5 image4 text5 image2
1012,image4 text9 text5 text7 image2
1013,image3 image4 image2 text9 image1
1014,image3 text1 text3 text8 image4
1015,text8 text7 text10 text5 text3
1016,image1 text3 image2 text7 text10
1017,image5 image1 image3 image2 text10
1018,image2 text9 text6 text7 text5
1019,text9 image5 text8 text3 text6
1020,text7 image5 image1 text9 image3
1021,image2 image4 text4 image5 text7
1022,image2 image3 text9 text2 image1
1023,text1 text2 image1 text6 text7
1024,text6 text9 image2 image4 image1
1025,text2 text5 text1 text3 image1
1026,image4 image3 text1 image2 text10
1027,text10 text4 image2 image5 text9
1028,image5 text9 text1 text4 image4
1029,image2 image4 text7 text5 image1
1031,text5 image1 text8 text7 image5
1032,image2 text4 image1 image5 text6
1033,image2 text2 text3 text7 text9
1034,image4 text5 text8 image1 image3
1035,text5 image1 text9 image3 image2
1036,image5 text8 text3 text1 text5
1037,image5 text7 image2 image3 image4
1038,text2 image5 image1 text4 text6
1039,image4 text2 text5 text6 text3
1040,image2 text6 text8 image1 image5
1041,image1 image5 image3 image4 text1
1042,image2 text6 image4 text3 image3
1043,image3 text10 text1 text8 image2
1044,image4 image3 text10 text4 text5
1045,text8 image2 text7 image1 image4
1046,image3 image5 image4 text3 text2
1047,image1 image4 text8 image2 image3
1048,text5 text10 image2 image4 text1
1049,image3 image4 text10 image2 text3
1050,image2 image5 image1 image4 text2
1051,text1 image4 text7 text8 image3
1052,image5 text6 text9 image3 text7
1053,text3 text1 text4 text2 text7
1054,text3 text2 text4 image3 text5
1055,text5 text4 image3 image4 text1
1056,image4 text2 text9 text3 text8
1057,image2 text3 text8 text1 text4
1058,image1 image3 image5 text8 text5
1059,text5 text8 image3 text4 text10
1060,text3 text5 image5 text9 text2
1062,image1 text5 text7 text10 text4
1063,text5 text6 text7 image1 text10
1064,text10 text9 text6 image1 text4
1065,text6 text7 text2 image2 text1
1066,text1 text3 text7 text5 text10
1067,image2 image5 text3 text4 image3
1068,text4 text5 text6 text10 text1
1069,image1 text1 text9 text7 image5
1070,text6 text7 text9 text3 text2
1071,text5 text7 text10 text3 text2
1072,text10 text2 text3 text8 image5
1073,image2 text2 image5 text9 image4
1074,text5 text7 image5 text6 text8
1075,image1 image5 text7 text10 text8
1076,image5 image2 text5 text10 text6
1077,text2 text10 image5 text7 text5
1078,image4 text9 image1 image2 text5
1079,text8 text9 text1 image1 text5
1080,image2 text10 text6 image1 text8
1081,text5 text2 image2 text7 text9
1082,image1 text6 text2 image4 text4
1083,text7 text10 text1 image1 text8
1084,image3 text1 text5 text4 text6
1085,image2 image1 text5 text9 text6
1086,image1 text9 text3 image3 text8
1087,image4 text1 image5 text6 text2
1088,text10 image4 text2 text6 text5
1089,image5 image2 image4 image1 text3
1091,image2 text7 image4 text4 image1
1092,image3 text9 text6 text7 text8
1093,text7 text2 image2 text1 text6
1094,image5 text7 text2 text3 text5
1095,text9 image4 text1 text3 image3
1096,text2 text10 image2 image1 image4
1097,text4 text2 text10 image4 text3
1098,text8 text9 text10 text2 text5
1099,image3 text9 image4 image5 text2
1100,image3 image1 text4 text6 text10
1101,image5 text4 text8 text3 text2
1102,text2 text5 text9 image1 text6
1103,text9 text7 text1 image1 text5
1104,text6 text7 text5 text8 text9
1105,image5 text4 text3 text10 text7
1106,image5 text7 image1 text5 text6
1107,text2 image3 text5 text4 text3
1108,image5 text9 image1 text7 image4
1109,text6 image1 text1 text2 text4
1110,text1 text8 text2 text6 text3
1111,image3 text1 image4 text2 image5
1112,text1 text6 text7 text9 image4
1113,image5 text2 image2 image3 image1
1114,text5 image5 text2 text1 text4
1115,text2 text6 text10 text3 text4
1116,image5 image4 image3 text6 text9
1117,image1 text5 text2 text7 image2
1118,text5 text7 text1 text9 image4
1119,text7 image1 text1 image3 image2
1120,image1 text1 text10 text8 text2
1121,image4 text6 text2 text8 text1
1122,image5 image3 image1 text10 image2
1123,text7 text3 text9 text1 text8
1124,image5 text1 text9 image4 image2
1125,image2 image1 text3 text10 image5
1126,image5 image4 image3 text10 text9
1127,text4 image4 text3 image5 image2
1128,image3 image5 image4 text2 text9
1129,image2 image1 text10 text1 text5
1130,text7 text10 text6 text1 text8
1131,text3 text6 text9 text8 text5
1132,text10 text1 text4 image4 image2
1133,image4 text3 text2 text5 text4
1134,text8 text4 text9 text3 text2
1135,text2 text3 text8 text10 text4
1136,image3 image5 image2 image4 text10
1137,image3 text5 text9 text8 text3
1138,text6 image1 image5 image3 text10
1139,text6 text4 image3 text2 text5
1140,image5 text10 text9 image4 image1
1141,image1 text7 image5 text9 text6
1142,text9 text7 text4 image3 image5
1143,image4 image1 text6 text8 image3
1144,image5 text1 text8 image4 text10
1145,image4 text10 text2 text7 image1
1146,text9 image3 image2 text4 text6
1147,text1 image4 text4 text3 text6
1148,image3 text8 image1 image2 image4
1149,image3 text2 image5 text10 image4
1150,image4 text10 text8 image5 image3
1151,text4 text1 text8 text10 image2
1152,text7 text10 text9 image4 text3
1153,image4 image1 image5 image2 text4
1154,text2 text3 text8 image2 text4
1155,image2 text8 text10 text3 text5
1156,text9 image3 text10 text6 text5
1157,text9 image2 image5 text10 text6
1158,image2 image1 image3 image4 image5
1159,image1 text7 text4 image5 text9
1160,image3 image2 text3 text7 text10
1161,image2 image3 image5 text1 text7
1162,text8 image2 text9 text7 image4
1163,text8 text6 image4 image1 text3
1164,image1 image5 text10 text7 text9
1165,image5 image3 text9 text10 image1
1166,text1 text3 image1 text10 text8
1167,image5 text2 text10 text8 text5
1168,image2 text9 image5 text7 text10
1169,image3 text2 text9 text6 text5
1170,image2 text1 text8 image5 text10
1171,image3 text9 text3 text10 text1
1172,image4 text4 text7 image5 image3
1173,text10 image4 text5 image3 text2
1174,image2 text9 image4 text1 text6
1175,image1 image2 image3 text6 text10
1176,image1 text8 image5 image3 image4
1177,image1 image3 image5 image2 text3
1178,text6 image1 text8 text1 text7
1179,image2 text10 text1 text4 text7
1180,text6 text3 image1 image3 text10
1181,image3 text7 text8 text2 text4
1182,text7 text10 text9 text4 image4
1183,image5 image3 text7 image4 text6
1184,image1 image4 image2 text6 image5
1185,text10 text2 text8 text4 text7
1186,image2 text4 text2 text7 text8
1187,image5 image3 image1 image2 text3
1188,image4 text1 image5 image3 text7
1189,text2 image2 text3 image1 text9
1190,text5 image4 text2 text1 text8
1191,text9 text3 image5 text1 text6
1192,text8 text5 text7 text2 image2
1193,text2 text4 text1 text6 text7
1194,image1 image4 text8 image5 text5
1195,image3 text8 text6 image5 text9
1197,image3 image5 text10 text4 text3
1198,image3 text1 text10 text4 text6
1199,image1 text8 image4 text10 text2
1200,image2 image1 image3 text8 text2
1201,text2 text6 text3 image5 text7
1202,image2 text5 text9 image5 text8
1203,image2 text1 text4 image3 text6
1206,image4 text7 image2 text9 image1
1207,image1 text1 image5 text6 text4
1208,text8 text3 text4 image2 text1
1209,text4 image5 text9 text3 text8
1210,image5 text5 text1 text9 image1
1211,image1 text10 image2 image3 image5
1212,image4 image2 text1 text4 text10
1213,image1 image4 text8 text4 image5
1214,image3 image1 image2 text10 image5
1215,image1 image2 text6 text1 text7
1216,image2 text3 image3 text10 text5
1217,text5 text2 image2 image5 text7
1218,text9 image2 text6 text7 image1
1219,image2 image3 text9 image4 image1
1220,image5 text5 text3 text8 text6
1221,text9 image2 image5 image1 text2
1222,image5 text8 image3 image4 image2
1223,image4 text7 image2 image1 text10
1224,text5 image5 text9 text1 text6
1225,image3 text3 image2 text1 text9
1226,image3 text5 text8 text6 text1
1227,text2 text10 text5 text9 image4
1229,image1 text8 image2 image5 text7
1230,text6 image3 text1 text10 text2
1231,image3 text6 image4 image5 text4
1232,image3 text2 text4 text6 text7
1233,image4 text7 image5 text9 image2
1234,image2 text9 image1 text6 text8
1235,image4 text9 text4 image5 text5
1236,image3 text1 text2 image1 image4
1238,text5 text1 text4 image4 image5
1239,text9 text3 text10 image3 text8
1240,image3 text2 text9 text10 image1
1241,image5 image1 image2 text8 text1
1242,text1 text6 text5 text3 text2
1243,image1 text1 image4 text9 image5
1244,image2 text9 text6 text7 text5
1245,image2 image1 image3 text9 text1
1246,image1 image3 image2 text3 text4
1247,text1 image4 text3 text8 text5
1248,image3 image4 text7 text4 text9
1249,image4 text5 text4 image1 image3
1250,image5 image2 text3 text2 text4
1251,text5 image2 text7 image3 text10
1252,image1 text1 text10 image3 text3
1253,text8 text3 text1 text4 image5
1254,image4 image2 image1 text9 text8
1255,text10 image5 image4 image3 text7
1256,text1 image2 image4 text4 text9
1257,image5 text2 text9 text1 text8
1258,image4 text5 text6 text7 text1
1259,image4 image5 text4 text8 text10
1260,text2 text8 text10 text7 text6
1261,text2 text10 image3 image5 text6
1262,text3 text7 text9 text5 text6
1263,image1 text5 image4 text1 image5
1264,text9 text5 text10 text4 text7
1265,image4 image2 text10 text1 text7
1266,image2 image3 image1 text1 text6
1267,image1 image4 text3 text5 text10
1268,image4 text10 text2 text8 image3
1269,image4 text6 image1 text1 text4
1270,image2 image1 text5 text2 text4
1271,image4 image1 text8 text1 image3
1272,text4 text1 image5 text8 text2
1273,image5 image2 text10 text4 text1
1274,text4 text6 text2 text1 image5
1275,text1 image4 image5 text2 text5
1276,image3 text4 text8 text7 text10
1277,image1 text6 text7 text10 image4
1278,text6 image2 image4 image5 text2
1279,text9 image4 text2 text4 text6
1280,image3 image1 text7 image5 text10
1281,image1 text4 text8 text6 text3
1282,text3 text10 image4 text1 image1
1283,image1 image2 text5 text8 image3
1284,image3 image2 text2 image5 text3
1285,text2 text8 image1 image5 text10
1286,image5 text3 text7 text2 text5
1287,image3 image2 text7 text6 text2
1288,image3 text9 image1 text7 image5
1289,text7 text1 text2 text10 text8
1290,image2 image1 text2 text8 text3
1291,text2 text10 text3 image3 text6
1292,text6 text1 text8 image2 text3
1293,image2 text7 text6 text3 text5
1294,image3 text7 text6 image4 text3
1295,text5 image1 image4 text3 text4
1296,text6 text2 image4 text7 text9
1297,image5 image3 image2 image4 text2
1298,image3 text7 text10 text1 text9
1299,image4 text8 image5 text9 text5
1300,image3 text1 text10 text2 image2
1301,image3 image1 text9 text1 text5
1302,image1 text6 text2 text9 text3
1303,image5 image2 text5 image1 image4
1304,image3 text2 text7 text8 text5
1305,text6 text7 text5 image1 text4
1306,text10 text1 text4 text6 image2
1307,image3 text2 image4 text10 image5
1308,image1 image5 image4 image2 text1
1309,image2 text3 text7 text1 text4
1310,image5 image3 image1 image2 text2
1311,text10 image5 text4 text3 text7
1312,text4 text7 image5 text10 text9
1313,image4 image1 text3 text7 text1
1314,image4 text3 text6 text4 image3
1315,image4 image3 text3 text10 image1
1316,text6 image3 text7 image4 text9
1317,image5 text9 text5 text1 image4
1318,text2 text4 image1 text6 text8
1319,image4 image3 text10 image5 text8
1320,text5 image3 image4 image5 text2
1321,text2 text9 text6 text5 image5
1322,text9 image3 text1 text2 text6
1323,text9 image4 image2 image5 text1
1324,image5 image3 text1 text5 text3
1325,image3 text1 text8 image1 image5
1326,image2 text6 text8 image3 image5
1327,image4 text8 text3 text1 text10
1328,image2 image4 text10 text8 text1
1329,image5 image2 image1 text7 text8
1330,text5 text6 image2 text2 text4
1331,image4 text2 image1 text4 text6
1332,image3 image2 text8 text9 text6
1333,text4 text9 image3 text2 text5
1334,text4 image5 text9 text2 text1
1335,image5 text10 image3 image1 text3
1336,image5 image1 text4 text3 image4
1337,image3 image4 image5 text9 text3
1338,image4 image1 text10 text3 image2
1339,image5 image2 text9 image1 text3
1340,text3 text7 text9 image1 image3
1341,text1 text3 image3 image1 text8
1342,text2 text10 text7 image2 image3
1343,image1 text4 text3 image5 text10
1344,image2 image5 image4 text2 text3
1345,text5 image5 text9 image2 text7
1346,image1 image3 image4 text1 text4
1347,text3 text6 text2 text10 image3
1348,text3 image4 text5 image5 text10
1349,image5 image3 text6 image2 text10
1350,image4 text7 text1 text10 text2
1351,image1 image3 text2 text8 text4
1352,text4 text1 text7 image1 text2
1353,image5 text3 text2 image4 text6
1354,text1 text8 text5 text10 text3
1355,text5 image2 text1 image1 text9
1356,image5 text2 text4 text5 image3
1357,text10 text6 image3 text9 text5
1358,image4 text8 text2 image2 image3
1359,image5 image2 image4 text6 text1
1360,image5 image3 image2 text2 text10
1361,image4 image2 text5 text7 text3
1362,image5 text6 text2 text3 image1
1363,text7 text10 image5 image3 text2
1364,image2 text4 text5 text6 text10
1365,image4 text6 text10 text9 image5
1366,image4 text5 text3 text8 text1
1367,text5 text2 image4 image1 text7
1368,text7 text6 text8 text4 image4
1369,text6 text2 text7 text9 text3
1370,image4 image2 image5 text9 text4
1371,text3 text8 text9 image3 text10
1372,image1 image3 image2 image5 text5
1373,image4 image1 image3 text6 text9
1374,text6 image3 text2 image2 image4
1375,image5 text2 text4 image4 text3
1376,image5 text5 text6 text9 image3
1377,image2 image3 text6 text10 text1
1378,image4 text6 text9 image5 image3
1379,image3 text2 image5 image2 text9
1380,image5 image2 text2 image3 text4
1381,text2 image5 text4 text7 text8
1382,text5 image2 text9 image1 text8
1383,image2 text2 text3 text1 image4
1384,text7 image5 image1 image2 image4
1385,image1 image3 text3 text7 image2
1386,text10 text9 text2 image3 text5
1387,text2 text10 text8 text3 image2
1388,image3 text8 image2 text10 text6
1389,image3 text7 text2 text5 text3
1390,image3 image4 image2 text7 text3
1391,image3 text5 text2 text1 text4
1392,image1 text5 image3 image5 image4
1393,text8 text1 text3 text6 text9
1394,image3 text7 text3 text10 image1
1395,image3 image4 text8 text1 image2
1396,image1 text10 text1 image4 text6
1397,image3 text8 text3 image1 text5
1398,text8 image2 image5 text5 image3
1399,text5 text10 image3 image4 text4
1400,image5 image1 image4 text9 text6
1401,image1 text8 text4 text1 text10
1402,image4 text1 text10 text4 image5
1403,image1 image5 image4 image2 image3
1404,text1 image3 image5 text6 text7
1405,image3 text5 text4 image5 text9
1406,image2 image5 image1 image4 text1
1407,image1 text7 image5 text9 image3
1408,image4 image5 text2 text3 image3
1409,image3 text5 text6 text3 text4
1410,text7 text9 image2 image3 image1
1411,image3 text3 image5 text6 image2
1412,text5 text10 text9 text1 image4
1413,image2 image3 text1 text6 text8
1414,text4 text3 text7 image1 text6
1415,text5 image5 image4 image1 text4
1416,image3 image1 text10 text2 image4
1417,image1 text8 image5 text7 text4
1418,image3 text10 text4 image5 image1
1419,image2 image3 text5 text1 text2
1420,image4 text4 text3 text5 text2
1421,text2 text5 text8 text4 text6
1422,text6 text5 text1 text9 text7
1423,text1 image4 text2 text9 text8
1424,text7 image1 text9 text3 text2
1425,text6 image3 text4 text5 text8
1426,text10 image4 image2 text8 image1
1427,text3 image1 text8 text1 image4
1428,text10 text8 image4 text3 image3
1429,image2 text8 image3 image4 text2
1430,image5 image4 image3 text9 image2
1431,text2 image1 text7 text8 text5
1432,image3 text6 image4 text9 image2
1433,image4 text6 text4 text10 text7
1434,text7 text1 text2 image1 image4
1435,text7 image1 text10 image3 text5
1436,text9 text3 image3 text4 text5
1437,image4 text2 image3 text5 image1
1438,image2 image1 image3 text5 text3
1439,text6 text8 image3 text3 image2
1441,image2 image1 image5 image3 text3
1442,image1 text4 text8 text3 text10
1443,text4 image2 image1 text1 text8
1444,image4 text7 image3 text3 image1
1445,image5 text9 image3 image4 text1
1446,image5 image1 text8 text3 image4
1447,text4 image2 image4 text5 image5
1448,image3 text3 text10 text1 text5
1449,image3 image4 text7 text5 text9
1450,image5 text4 text8 text10 text9
1451,image5 image1 text5 text6 text9
1452,text5 image5 text1 text4 text2
1453,text4 image1 text8 text10 image4
1454,image3 text6 text7 image4 text8
1455,text5 image2 text7 text2 image1
1456,image3 text4 image2 image4 text1
1457,image5 image4 image1 text6 text1
1458,text7 image3 text8 text2 image1
1459,image1 image5 image2 text8 text1
1460,image3 image2 text1 text10 text9
1461,text5 image4 text8 image2 text2
1462,image5 text7 text10 text6 text3
1463,image5 text4 text10 text6 text3
1464,text6 image5 image1 image3 image2
1465,text4 image4 text3 text2 text8
1466,text9 text5 text6 image2 text3
1467,text5 image5 text6 text1 text9
1468,image4 text2 text1 text10 text8
1469,text1 text9 text5 image2 text3
1470,image2 text8 image4 text2 text6
1471,text4 image2 text7 text9 image4
1472,image2 text5 text9 text4 image1
1473,image4 text2 image3 image1 text9
1474,text7 image2 text5 text3 text9
1475,text5 image3 text3 image2 text10
1476,image5 text3 text2 text8 image3
1477,text9 text8 text6 text10 image2
1478,image3 text1 image5 text2 image2
1479,image1 text10 image2 text6 image4
1480,image4 image1 text8 image5 text4
1481,image5 image4 text9 text1 text3
1482,image5 text7 text6 text5 image1
1483,image1 text2 text5 text10 image5
1484,image4 text4 text7 image1 text5
1485,text8 text2 text3 image2 image1
1486,text2 image5 text10 image4 text6
1487,image3 text10 text3 text6 text2
1488,text4 text3 image3 text6 text2
1489,image1 image2 image5 text8 text6
1490,image2 text2 text7 text10 text8
1491,image1 image4 text6 image3 text10
1492,image1 image3 text5 text9 text4
1493,text1 text8 text4 text7 image2
1494,text1 image4 image3 text4 text7
1495,text5 image5 text1 text8 text9
1496,image1 image5 text3 text6 text1
1497,image2 text10 text4 text6 image4
1498,image5 text4 text8 image4 image1
1499,image4 image1 text3 image5 text5
1500,image1 image4 text6 text9 text5
1501,text3 image4 text8 text5 text10
1502,image1 text3 text5 text2 text10
1503,image4 image5 text9 image3 image1
1504,text9 image3 text10 text2 image4
1505,image1 text7 text4 text10 image5
1506,image2 text8 text1 image1 text4
1507,text2 text10 image3 text7 text9
1508,image4 image3 text6 text8 text1
1509,text3 image3 text8 image2 text5
1510,text4 image4 text6 text7 text2
1512,text3 image4 image5 text8 text2
1513,image4 text8 image1 image3 text10
1514,text8 image1 image5 image2 image4
1515,text10 image4 image1 text2 text9
1516,image3 text10 text9 image1 text3
1517,image3 text6 text9 text4 text3
1518,text2 image5 image2 text6 text10
1519,image3 image1 text5 text6 text9
1520,text6 image5 text2 image2 text10
1521,image3 text1 image4 text4 text5
1522,image2 text8 text2 text10 text9
1523,image5 text3 text7 text8 text10
1524,text3 text2 text8 image2 text6
1525,image1 text1 text3 text6 text8
1526,image1 text7 image5 image4 text8
1527,text10 image2 image4 text5 text3
1528,image3 text8 image1 text7 text6
1529,image2 text4 text1 text10 text8
1530,image3 text8 text6 image4 image5
1531,text3 image2 text8 text9 text4
1532,text10 image4 text5 text4 text3
1533,image5 text4 text5 text3 image3
1534,image5 image2 image3 text7 text10
1535,image1 image3 image2 text10 text2
1536,image3 text7 text1 image1 text2
1537,text10 image1 image4 text3 text8
1538,image1 text6 text3 image5 text1
1539,text3 image2 image5 image4 image3
1540,image3 text9 image2 image1 image5
1541,image2 image1 image4 text5 text2
1542,image2 image1 text9 image5 text7
1543,text4 text5 text3 text10 text7
1544,image4 text3 text6 image5 image1
1545,image5 text7 text9 text6 text8
1546,image1 image4 image2 text5 text9
1547,text9 image5 image3 image1 text8
1548,image5 text1 image2 image1 text6
1549,text9 image2 text7 text6 image1
1550,text3 text10 text8 text7 text4
1551,image1 text9 text4 text3 text2
1552,image3 image4 text3 text1 text6
1553,image4 text8 text2 text4 text9
1554,image2 image5 text5 image4 text1
1555,text8 image2 text6 image5 text7
1556,text9 image3 image2 image5 text10
1557,text9 text1 text8 image1 text4
1558,image4 image3 text9 image1 text8
1559,text2 text7 text4 image2 text9
1560,image3 text4 text1 image2 text10
1561,text5 text1 image3 text4 image4
1562,image2 image1 text1 text2 text10
1563,text6 text1 image5 image2 image3
1564,image1 image5 text1 image3 text3
1565,image5 text8 text2 text10 text1
1566,image1 text9 text8 image4 text6
1567,image1 text7 image4 image5 text4
1568,text8 text3 text6 image2 image5
1569,image5 text3 image1 image4 image2
1570,image2 text3 text8 text5 text1
1571,text2 image4 text6 text5 image5
1572,text7 image3 text5 image1 text8
1573,image1 text6 text8 image2 image5
1574,text2 image4 text10 text5 text6
1576,text1 text7 text3 text2 text10
1577,image2 image3 image4 text10 text7
1578,image5 image2 text6 image3 text2
1579,image4 text8 text10 text9 text7
1580,text10 image1 text2 text6 image3
1581,image1 text2 text7 image4 text8
1582,text6 image1 image4 text3 text9
1583,image2 text5 image1 text2 text10
1584,text2 text6 text10 text3 text5
1585,image1 text1 text10 text6 text2
1586,image4 text9 text7 text1 image3
1587,text10 text8 text5 text3 text7
1588,image5 image4 text1 image3 text2
1589,image1 text10 text9 text2 image4
1590,text4 image5 text5 image2 image1
1591,image1 text1 text8 text7 image2
1592,image2 text6 text2 text9 text8
1593,text4 image1 text1 text6 text2
1594,image5 text5 image4 image2 text1
1595,image3 text9 image2 image4 image1
1596,text5 image2 text1 image1 image4
1598,image4 text5 image5 text7 text1
1599,text6 text4 image3 image2 image4
1600,text9 image1 image5 text1 text2
1602,image4 image2 image3 image1 text7
1604,image5 image3 image4 image2 text5
1605,text5 text6 text1 text7 text3
1606,text1 image2 text9 text6 text8
1607,text9 image4 text1 image2 text3
1608,image5 text6 image4 image1 text8
1609,image2 text5 text8 text9 text1
1610,image2 text5 image5 image4 text8
1611,image2 image3 text2 text3 text9
1612,image2 image3 image4 text9 image5
1613,text1 text2 text4 text5 image5
1614,text5 text2 image4 text4 text3
1616,text8 text2 image3 text6 text5
1618,text4 text8 text3 text2 text9
1619,text4 image4 text1 image3 text9
1620,image4 text10 image2 image1 text3
1621,text3 image1 text4 text10 text5
1622,text3 text7 text8 text4 text2
1623,text8 text10 text6 image4 image2
1624,text8 image4 text6 text4 image5
1625,image3 image2 text10 text4 text6
1627,image5 text2 image4 image3 text5
1628,text1 text3 text10 text5 image1
1629,image4 text2 text1 text3 image5
1630,image5 text4 text8 text2 text3
1631,image2 text8 text4 text10 text6
1632,image4 image2 text9 image3 text4
1633,image5 image4 image1 text9 text4
1634,image2 text1 text9 text8 image3
1635,image5 image2 image4 text4 text9
1636,text6 text5 image1 image2 image3
1637,image2 text8 image5 text5 image4
1638,image2 image4 image5 image1 text6
1639,text7 image5 text6 text9 text2
1640,text8 text1 image5 image3 image1
1641,image3 image1 image4 text5 image2
1642,text7 text10 text2 image4 image3
1643,image3 text7 text9 image4 text2
1644,image2 image1 image4 text8 image3
1645,image5 image1 text2 image4 text7
1646,image2 image4 image5 text3 text5
1647,text9 text6 text8 image1 text10
1648,image2 text8 image3 text7 text2
1649,text6 text5 image1 image3 text2
1650,image4 image5 text7 text1 text9
1651,text7 image3 text1 text3 text9
1652,image1 text1 text7 text9 text2
1653,image3 image4 image5 text5 text9
1654,image3 image1 text7 text10 text4
1655,image4 image2 image1 text6 text10
1656,image2 text9 text7 image5 image4
1657,image3 text6 text10 image4 text2
1658,text3 text6 text7 text2 text4
1659,image1 text3 text10 image2 image5
1660,image3 text6 text9 text3 text7
1661,image2 image4 image3 text4 image5
1662,image3 text5 text3 text2 text1
1663,image1 text4 text3 image4 text7
1664,image2 image3 text10 image4 image1
1665,text9 text2 image5 text6 image3
1666,image1 image2 text9 text1 image4
1667,text4 image1 image5 text10 image3
1668,image3 image1 text6 image4 image2
1669,text5 text3 text8 text4 image1
1670,text6 text7 text2 text8 image5
1671,image2 text5 image3 image1 image5
1672,image1 text4 image3 image5 text9
1673,text5 text8 image5 text6 text9
1675,text10 text8 text6 image5 image1
1676,text6 image1 image5 text1 text2
1677,text10 image1 text1 text7 image4
1678,text8 image2 image4 text3 text10
1679,text7 text4 image2 image1 text2
1680,text5 text9 text4 text1 text6
1681,text6 text2 image1 text4 text8
1682,image3 image1 image4 image5 image2
1683,text4 text2 text8 image4 text10
1684,text8 text9 text3 text2 text1
1685,image2 text9 image1 image3 text4
1686,image5 text5 text1 text10 text9
1687,image4 text10 text8 image2 image5
1688,text6 text2 text3 text1 text5
1689,text2 image2 image5 text7 text5
1691,image3 text5 image5 text8 text6
1693,text8 text6 text4 image5 text9
1694,text6 text10 image2 text4 text1
1695,text3 text10 text6 text5 text7
1698,text5 text10 text2 text4 image2
1700,image4 text2 image2 text5 image1
1703,image2 text2 text1 image3 text10
1704,text10 text5 text4 text8 text6
1705,text6 text8 image2 text4 text9
1706,text4 text1 image2 text3 image1
1707,text8 image2 text7 text6 text10
1708,text6 text8 text7 text10 text5
1709,image3 text8 text10 text3 text7
1710,text9 text7 text6 image2 text1
1711,text2 text4 text9 text3 text6
1712,text7 image2 text4 image5 image4
1713,text5 text8 text6 text10 text9
1714,image1 text3 text4 text7 text5
1715,text8 text9 image1 text1 image4
1716,text7 image3 text3 text2 text6
1717,text6 text2 text8 text5 text9
1718,image5 image2 image3 text3 text7
1719,image2 text9 image3 image5 image4
1720,image3 image1 image5 image4 text1
1721,image2 image4 text1 text9 image5
1722,text1 image1 image5 image3 image4
1723,image4 image5 image3 text9 image1
1724,image4 image3 image5 text10 image1
1725,image3 image4 text8 text7 text10
1726,image5 image1 text7 image2 image3
1727,image3 image1 text10 text4 image5
1728,image4 image2 text9 image3 image5
1729,image1 image4 image3 text4 image5
1730,image1 image5 text2 text1 text5
1731,image2 image1 text1 text3 text6
1732,image2 image4 text4 image1 image3
1733,image1 image5 text4 text6 image2
1734,text1 image1 image3 image4 image2
1735,image3 text5 image4 text9 image5
1736,image3 image4 text3 text5 text7
1737,image5 text7 text1 image3 text8
1738,image3 text5 text8 image1 image4
1739,image5 image4 image2 text4 text3
1740,image5 text4 image2 image3 image1
1741,image2 text6 image4 text5 text4
1742,image1 image2 image5 image4 image3
1743,image1 text3 image2 image3 text8
1744,image4 image2 image3 image5 image1
1745,image1 image3 image5 image2 text2
1746,text5 image1 image5 text3 image3
1747,image2 text8 text9 text2 image4
1748,image5 text4 text9 text2 image2
1749,image3 text7 text8 image4 text2
1750,image5 image1 text7 text10 image2
1752,image2 text2 text6 image3 image1
1753,image4 image1 image2 image3 text9
1754,image2 image3 image4 text4 image5
1755,text3 image5 text1 image1 text8
1756,image3 image5 text3 text1 image4
1757,text6 image4 image5 image2 image1
1758,image4 image1 text5 image3 text4
1759,image1 text4 text8 image4 image3
1760,image4 image5 image1 image3 image2
1761,image2 image5 image4 image1 text1
1762,text7 image4 text9 image2 image3
1763,image4 image5 text3 image3 image1
1764,image5 image4 text4 image1 image2
1765,image1 image3 image5 text1 text9
1766,image1 image3 image4 text2 text1
1767,text7 text9 image2 text10 text1
1768,image2 text3 image4 text8 text1
1769,image4 text4 image2 image5 text6
1770,image4 image1 image2 image3 image5
1771,text6 image5 image1 image3 image2
1772,text10 image2 image4 image5 text6
1773,image3 image2 image1 text9 text3
1774,image4 image1 image2 image5 text3
1775,image5 text9 image4 image2 text2
1776,image1 text5 text2 text9 text10
1777,image4 image5 text5 text2 text1
1778,image4 text10 text4 text8 text9
1779,image3 text6 text9 text7 image5
1780,image2 image1 image5 text10 image4
1781,image3 text6 image4 text3 image1
1782,text6 image3 image5 text1 image1
1783,text2 image2 text7 image1 image5
1784,image2 image4 image5 image3 text3
1785,image4 image2 text9 text8 image3
1786,image2 image5 text8 text9 text10
1787,text7 text1 image2 image3 image1
1788,image5 image3 image1 image2 text5
1789,image1 image3 text4 image4 image5
1790,image4 image2 image1 text1 text4
1791,image4 image2 image1 text5 text6
1792,text10 text6 image5 text8 image3
1793,text8 text7 image2 text4 text9
1794,image2 text5 image3 text2 text10
1795,image1 text7 text4 text5 text9
1796,image1 image4 text1 image3 text7
1797,text2 image2 text4 image1 text7
1798,image5 image3 image4 text5 text3
1799,image2 text3 text6 image3 text7
1800,image1 text9 image2 text7 text10
1801,text10 image5 text7 text9 image1
1802,image4 text3 image5 image2 text7
1804,text5 text7 text6 image2 text10
1805,text3 image3 text2 image5 image1
1806,text10 text7 text4 image2 image5
1807,image4 image1 image2 text10 image3
1808,image5 image2 image1 image4 text3
1809,image5 image3 text5 text4 image1
1810,image2 text4 text7 image5 text10
1811,image3 image2 image5 text6 text9
1812,image1 image4 image2 text4 image3
1813,text9 image1 image5 text3 image4
1814,text1 text4 image3 image2 text2
1815,image3 image1 image2 text2 image4
1816,image1 image3 image5 image2 image4
1817,image3 text7 image4 image2 text8
1818,text2 image5 image3 text1 text6
1819,text1 text3 text2 image1 text5
1820,image3 image5 text5 text6 image1
1821,text3 image3 text4 image5 image2
1822,image3 text4 text8 image5 text2
1823,text5 image3 text3 text9 image5
1824,image5 text10 image2 image4 image1
1825,text10 image1 image4 text1 image5
1826,text1 image2 text10 text6 text9
1827,image4 text1 image3 text2 text5
1828,image3 image2 image1 text8 text4
1829,text1 text5 text9 image1 text7
1830,text2 text3 image4 image2 image1
1831,image2 text2 image4 image1 image5
1832,image1 text1 text6 image4 image2
1833,text3 image1 text2 text4 text7
1834,image4 text4 text10 image1 text8
1835,text3 text8 image4 text10 image1
1836,text5 image5 image4 image2 text7
1837,text4 image5 text10 text6 text1
1839,text5 text4 image5 image4 text8
1840,image3 image4 image2 image5 image1
1841,image2 text10 image3 text7 image5
1842,image3 image5 image2 image4 image1
1843,image5 image1 text5 text7 text4
1844,text4 image3 text10 image4 text7
1845,image1 image3 image5 text1 text2
1846,text10 text4 text7 text2 text9
1847,text2 image5 image4 image3 image1
1848,image1 image3 text9 text2 image2
1849,text8 image1 text7 image3 text10
1850,image3 text4 image2 image1 text2
1851,image3 image5 text10 text2 text9
1852,text10 text3 text5 image4 image3
1853,image4 image3 image5 text4 text2
1855,image3 text3 text9 text6 image1
1857,image1 text9 image3 text5 text3
1858,image3 text3 image1 text4 text9
1860,image4 image3 text4 text7 image2
1861,text9 image3 image4 image1 image5
1862,image2 image3 text6 image4 text9
1863,image1 text9 text4 text7 text1
1864,image1 text7 image4 image3 text9
1865,image2 image1 image3 text1 text2
1866,image2 text6 text5 image4 text7
1867,image1 image4 text10 image2 image5
1868,image4 image3 text4 image1 text1
1869,text8 text4 text9 image3 text5
1870,image1 image2 text1 image5 text6
1871,image3 text3 image5 image1 image2
1872,text6 image5 text1 text10 image1
1873,image2 text6 text5 text4 text7
1874,text3 text6 image4 text2 image3
1875,image2 text10 text4 image5 image4
1876,image4 image3 text4 image1 text1
1877,text3 text2 image4 image3 text1
1878,text9 text2 image4 image1 text8
1879,text9 image2 image4 image1 image3
1880,image1 image2 image5 text6 text1
1881,image4 image5 image3 image1 image2
1882,image1 image5 image3 image4 image2
1883,text7 image3 image4 image5 image2
1884,text6 image4 text4 text2 text5
1885,image2 text8 text7 text6 text9
1886,text10 image2 text5 text2 text1
1887,text1 image2 text6 text4 text2
1888,text5 text4 text8 image1 image4
1889,text10 image4 text5 text9 text3
1890,image1 text1 text5 text8 text10
1891,image5 text4 text9 image1 text7
1892,text7 image3 image5 image4 image1
1893,image1 text4 text7 text10 text8
1894,text6 image3 image5 text5 image1
1895,image3 image5 text3 text4 text2
1896,image2 text5 image4 text10 text1
1897,image4 text9 image3 text7 text2
1898,text1 text4 image3 text3 image1
1899,image4 image3 image1 text7 text6
1900,image4 image5 image1 text7 text1
1901,image2 image5 text4 image1 image4
1902,text8 text6 image2 image3 image5
1903,image1 text2 text9 text7 text3
1904,text1 image2 image5 image1 text10
1905,image1 text2 text4 image3 image2
1906,image2 text6 text5 text2 text7
1907,image1 image4 text9 text4 image3
1908,image5 image4 image3 text4 text8
1909,image5 image3 text7 image4 image2
1910,image3 image1 text8 image2 text4
1911,image4 image2 image1 text4 text2
1912,text6 image4 text8 text3 text5
1913,image5 text10 image4 text2 text5
1914,image2 text5 text7 text10 text1
1915,text8 text4 image1 text2 text6
1916,image4 image5 image1 text2 text9
1917,image3 image1 image4 image5 text9
1918,text5 text3 image4 image3 text10
1919,image3 image5 text3 text10 image2
1920,image3 text3 image5 text8 text5
1921,image1 text6 image5 text1 text2
1922,image1 text9 text4 text7 text1
1923,text9 text5 text6 text4 text3
1924,image5 text4 text6 text8 text10
1925,text3 text4 text10 image1 image5
1926,image3 text9 image4 text2 text1
1927,image3 text10 text2 image4 image1
1928,image2 text4 text2 image5 image4
1929,text1 image3 text2 image1 image2
1930,text10 image3 text8 image2 text1
1931,text7 text8 text1 text4 image3
1932,text8 image1 image3 image4 text5
1933,image3 image4 text9 image2 image1
1934,image1 image4 image2 image5 text10
1935,image1 image5 text1 text5 text8
1936,image2 image5 image3 text4 text1
1937,text8 text4 text7 text5 image3
1938,image3 image5 image1 image4 image2
1939,text4 text9 text6 image1 text2
1940,image3 text2 image5 image2 image4
1941,image3 image2 text7 text6 image1
1942,text7 text6 text1 text3 image3
1943,image5 text5 text7 text3 text4
1944,image4 text9 image1 text5 text7
1945,image5 image3 image4 text3 text1
1946,image4 text2 image5 image3 image2
1947,image3 text4 image4 image1 text7
1948,image5 image1 text2 text3 text5
1949,image3 text4 image5 text2 image4
1950,text6 text9 image3 image1 image5
1951,image2 text8 text6 text4 text5
1952,image5 text5 text1 image3 text3
1953,image2 text7 image1 image4 image5
1954,text7 text5 text10 text3 text8
1955,image3 image2 text1 image5 text2
1956,image5 text5 image4 text4 image2
1958,text2 text8 text9 text1 image3
1959,image4 image5 text4 text3 image2
1960,image1 text1 image3 image2 image4
1961,image5 text5 text6 text9 text2
1962,image1 image3 image4 image5 text5
1963,text10 image3 image5 text9 image1
1964,text8 image1 image4 text3 text5
1965,image1 image4 image3 text7 image2
1966,image4 text10 image2 text2 image3
1967,image2 text7 text3 image5 image4
1968,image5 text7 image4 image3 text4
1969,text4 text5 text8 image3 image1
1970,text1 image4 text7 text2 text8
1971,image2 image1 image5 image3 image4
1972,image4 image2 image3 image5 image1
1973,text1 image2 text4 image1 text8
1974,text9 text5 text8 text6 text7
1975,image1 image5 image4 text3 image2
1976,text4 text6 image1 text2 text10
1977,text4 text10 image5 image4 text3
1978,image1 text2 text4 text10 image5
1979,image2 text2 image4 text5 text8
1980,image5 text7 image1 image3 image2
1981,image1 image4 text1 image3 text4
1982,text10 image2 text9 text6 text8
1983,image2 text1 text7 text3 text9
1984,text6 image3 image5 text4 text7
1985,image5 image4 image3 text7 image1
1986,image2 image3 text6 text2 image4
1987,image1 image2 text4 image4 text8
1988,text6 image2 text7 image1 text9
1989,image2 text4 text6 text7 text1
1990,image3 text7 image5 image4 text2
1991,text8 text3 image5 text9 text6
1992,image2 image1 image3 text7 text10
1993,image5 text6 image2 image4 text9
1994,image4 text1 image3 text4 text8
1995,image1 image5 image2 text3 text8
1996,image1 image4 text4 text7 text3
1997,image4 image5 text4 image1 image2
1998,text10 text5 image3 text6 text3
1999,image2 text9 text4 text7 text2
