q_id,gold_quotes
0,text9 text2 text10 text3 image5
1,image3 text3 text8 image4 image5
2,image2 text3 text7 text2 image1
3,text9 image2 text10 text7 text4
4,image3 text8 text4 image4 image5
5,image5 text2 image2 text9 image1
6,image1 image3 image4 text9 text1
7,image2 image5 text5 image3 text10
8,text10 image1 image2 text4 image5
10,text3 image1 image2 text6 image4
11,image2 image4 image1 text7 image5
12,image4 image3 text2 image1 image5
13,text3 text1 text5 text8 image4
14,text5 image5 text2 text1 text7
15,image1 image2 text5 text6 image4
16,image3 image4 text6 text2 image1
17,text2 text7 text4 text10 text3
18,text9 text10 text8 text4 text2
19,text6 text8 image2 text2 text5
20,text10 text3 image3 image4 text5
21,image2 text1 text6 image1 text3
23,text2 text1 text4 text5 text9
24,text4 image5 text6 image2 text2
25,image1 text3 text10 image5 text8
26,text6 text3 text4 text8 image2
27,text7 image2 image5 text3 image4
28,text9 text2 text3 text7 text4
29,text3 image3 text4 text1 image5
30,image4 text8 image5 text9 text5
31,image2 image5 text1 image4 text7
32,image1 text9 text1 text10 text3
33,image4 text6 text5 text7 image3
34,text2 text7 text1 image5 image3
35,image3 text6 image1 text3 text5
36,image5 image1 text9 image4 text7
37,image5 text6 text10 image3 text8
38,text7 text3 text5 text10 image3
39,text10 text9 text7 image5 image3
40,text8 text6 text5 image4 image2
41,text3 text1 text7 image3 text9
42,text1 text4 text8 text6 text7
43,text4 text9 text3 text7 image3
44,text10 text7 text3 text9 image4
45,text3 image1 text7 text1 text10
46,text6 text3 image1 text8 text10
47,text10 text9 text6 text5 image3
49,text9 text1 text4 text7 text8
50,image4 text2 text3 text7 text1
51,image4 image5 text2 text8 text1
52,image2 image5 text10 text9 text1
53,image5 image1 text7 text4 text8
54,image1 image4 text6 text8 image3
55,text5 text9 text3 image2 image3
58,text7 text1 text10 text9 image3
59,text5 text8 text3 text10 text4
62,text6 text5 text3 image3 text4
64,text1 text8 text9 text7 text4
66,text6 text2 text10 text5 text9
69,text1 text6 image1 text8 text4
71,text5 text9 text1 text10 text8
72,text1 text3 text5 text6 text8
75,text7 text9 text8 text5 image1
78,text1 image2 text5 image4 text9
79,text3 text2 text6 text7 text9
80,text7 text10 text6 text2 text9
81,text4 text7 text10 text2 image5
84,text5 text9 text10 text6 text7
85,text3 text8 text5 text2 text6
88,text8 image1 text10 image4 text6
89,text4 text7 text6 text1 image3
90,text3 text6 text7 image1 image4
91,text9 image4 text10 text7 text5
93,text4 text9 text10 text5 image5
94,text10 text7 text3 image1 image4
96,text10 text2 text5 text7 text9
97,text3 text2 text8 text6 image4
102,text1 text4 text9 image2 image5
103,text3 text8 text4 text9 text2
104,text3 text9 text2 text1 image2
107,text2 text8 text3 text4 image5
108,text10 text3 text7 image4 text5
113,text5 text3 image1 text10 text2
117,text9 text8 text4 text1 image2
119,text1 text3 text10 image1 image3
120,text4 text1 text7 text9 image4
122,text10 text7 image4 text5 image2
124,text4 text9 text2 text6 image1
125,text3 text7 text9 image5 text6
126,text1 text3 text6 text5 text10
128,text10 text3 text5 image3 text8
130,text3 image3 text9 text6 image2
131,image1 text2 text4 text6 text7
133,text10 text7 text6 text4 image5
134,text1 text8 text2 image3 image5
135,text1 text10 text2 image3 text7
138,image1 text9 text10 text3 image4
139,text9 text6 text5 text10 image3
140,text6 text5 text2 image5 text3
142,text6 text3 image2 text9 image5
143,image2 text1 text7 image5 text2
144,text1 text6 text7 text9 text10
147,text8 text4 text9 text10 image3
148,text10 text8 text4 text7 image1
149,text3 text10 text1 text7 text5
150,text9 text8 image5 image3 text7
152,text7 text4 image5 text8 text9
153,text3 image2 text5 text8 text1
154,text10 text1 text9 text2 text7
155,text4 image3 text3 text1 image4
156,text6 text1 text10 text2 text7
157,text7 text4 text1 text9 image3
161,text9 text8 text10 text5 image3
163,text9 text2 image3 text4 text6
164,text3 text10 image4 text2 text7
165,text4 text1 text10 text6 image4
167,text6 text1 text7 text9 text2
168,text6 text7 text3 text5 image2
169,text5 text7 text1 text3 image2
170,text1 text7 text5 text3 image1
171,text7 text4 text2 image2 image4
173,image1 text5 text9 text10 text3
174,text4 text8 image2 text7 text10
178,text10 text5 text8 text7 text4
180,image1 text6 text4 text10 text9
182,text2 image3 text6 text10 image1
183,text10 image2 text2 text4 image3
185,image4 text3 text7 text8 image2
186,text9 image3 text1 image1 text4
188,text1 text6 text10 text4 image2
192,text3 text1 text2 text5 text9
193,text5 text9 text3 text1 image5
202,image1 text8 text7 text9 text10
203,text3 text1 image5 image4 text8
204,text5 text7 text3 text1 image2
205,text1 image5 text6 image2 text3
207,text7 text1 text2 image5 text8
209,text6 text10 text7 image2 image5
211,text4 text6 text5 image5 image3
212,text3 text7 text9 text6 image5
213,image5 text1 text8 image4 text2
215,text6 text1 image3 text10 image4
216,text9 image1 text10 text6 text1
218,image1 text7 text8 text6 text9
219,image2 text7 text8 image4 text9
220,text6 image2 text4 text9 text3
221,text5 text3 text7 text6 image1
226,text6 text3 text1 text9 text8
229,text9 text4 text10 text7 text2
230,image1 text2 image3 text10 text4
231,image5 text8 text7 image4 text4
232,image2 text5 text10 image4 image1
233,text6 text7 text5 image2 image4
235,text8 text9 text4 image2 image3
236,text9 image2 image3 text2 image4
237,text9 image5 text10 text4 image2
238,text1 text9 text2 image2 image4
239,image3 text1 text3 text5 image4
240,image4 text7 text9 text3 image3
241,image3 text6 text4 text3 image2
243,text1 image2 text3 text10 text6
244,image4 image2 text6 text9 text7
245,image3 text5 text10 text2 image5
246,image4 image5 image3 text5 image1
247,image2 image4 text7 image5 text9
248,image2 image5 text6 text8 image1
249,image5 image3 text9 text2 image1
250,image1 image5 text10 image4 text3
251,text8 image4 image5 text9 image3
252,text10 image4 text4 image5 text3
253,image4 text6 text4 text10 image3
254,image4 text6 image2 text10 image5
255,image1 text10 text4 text6 image5
256,image1 image3 text7 image4 text9
257,image1 text4 text2 image2 image3
258,image4 image3 image5 text2 text9
259,image3 image4 text10 image5 image2
260,image1 image3 image4 image2 image5
261,text5 image4 text6 image1 image5
262,image1 image3 text7 text3 text2
263,image1 text3 image2 text6 text9
264,text4 text10 text8 image5 image4
265,image3 image2 image4 text10 text9
266,image1 image3 text9 text8 image5
267,image4 text9 text4 image1 text7
268,image1 image2 image5 image3 image4
269,image5 image2 text3 image1 text8
270,image3 image1 text3 text5 image4
271,image5 text1 text4 image1 image2
272,image5 image1 image4 image2 text5
273,image2 image1 text5 text7 text8
274,text8 text3 text6 image2 image3
275,image3 text5 text7 image2 text9
276,image3 text9 text8 image1 image4
277,image1 text7 text9 image4 image5
278,text2 image2 image3 text9 image4
279,image4 image1 image2 text4 text1
280,image2 image4 image1 image3 text5
281,image5 image3 image2 text1 text3
282,image1 image3 image2 text3 text4
284,image4 image1 image2 text5 text6
285,image5 image2 image3 text1 text3
286,image5 image3 image1 text2 text7
287,image1 text2 image2 text9 text6
288,image5 text6 text8 image1 image3
289,image5 text10 text7 image2 text9
290,image5 text3 image4 text1 image3
291,image4 image2 image3 text3 text8
292,image2 text10 image1 text5 text9
293,image1 text8 image2 text7 text9
294,image3 text10 text3 image4 image2
295,text8 text10 text9 text6 text5
296,text1 text8 image2 image3 text9
297,image1 image4 image2 text8 image5
298,text4 text9 text5 text2 image5
299,text8 text7 image2 text4 image5
300,image5 text9 text7 text4 image2
301,image1 text6 image2 image3 image4
302,image4 image2 image5 text8 text6
303,image1 image5 text5 text7 text8
304,image3 image5 text9 text4 text7
305,text8 text2 text4 text9 image3
306,text4 image2 text3 text7 text1
307,text6 text5 text9 text1 text4
308,text6 text4 text1 image3 text5
309,text7 image3 text3 text9 image5
310,image1 text8 text4 text1 image3
311,image1 text9 text3 text4 image5
312,image2 image3 text10 text1 text8
314,image5 text7 text9 image4 text1
315,text2 text4 text9 text8 image1
316,text4 text6 text1 image3 image5
317,image5 text10 text3 image3 text7
318,image4 image1 text8 text3 image2
319,image3 image4 text5 text4 text8
320,image5 text8 text10 image4 text6
321,image1 text3 image3 text4 text2
322,image3 image4 text9 text8 text7
323,image4 text6 text10 image2 text1
324,image1 image4 text2 text3 image5
325,text1 text5 text10 image5 text2
326,image1 text2 image4 text9 image2
327,image3 text2 image1 text3 image4
328,image2 text1 image3 text5 text7
329,image1 text7 text5 text9 text1
330,image4 text7 text1 text5 image3
331,image3 text8 image2 text6 text4
333,image3 text4 image2 text10 text6
334,text3 image5 text6 text1 image1
335,image3 text3 text1 text5 text9
337,image5 text9 text5 image3 image4
338,image3 text7 image5 image2 text6
339,text9 text10 image1 text2 text6
341,image3 text10 text3 text7 image5
342,image2 text6 text10 text2 text4
343,text5 image5 text8 text10 text4
344,image3 image2 image4 text1 text9
345,text8 image3 text3 image1 text1
346,text2 image4 text8 text3 image3
347,image2 text5 text10 text6 image4
348,text1 text3 text8 image5 image2
349,image3 text5 text2 text10 image5
350,image3 image5 text7 image4 text3
351,text8 image1 image3 text9 image5
352,image4 image2 text5 image3 text6
353,text8 text4 image5 image2 text3
354,text1 image5 text5 text8 image2
355,image1 text3 text6 text5 image3
357,text8 image5 text1 image1 text4
358,text9 image2 text5 text7 image4
360,image4 text9 text8 text6 image3
361,image5 text8 text3 text7 text10
362,image2 text6 text3 text5 image5
363,image5 text4 text10 image1 text2
364,image4 image1 text9 text4 text7
365,image4 text8 text9 image5 text6
366,image3 text1 text8 text6 image2
367,text5 text10 text7 image1 text6
369,text5 text7 image3 text10 image5
375,text2 text1 text4 image3 image5
376,image2 text9 text2 image1 text10
377,text1 image2 text4 image1 image4
378,text2 image1 image3 text9 text1
379,text6 text3 text10 text5 image5
380,text1 text9 image4 text5 image1
383,text4 text3 text10 image2 image5
386,image5 text4 image2 text7 text3
387,image1 image5 text5 text8 text9
388,image2 text1 text2 text4 image3
390,text4 text2 image1 image5 image3
391,image4 image1 text10 text7 text9
392,text5 text6 image2 image4 text4
393,image5 text3 text2 text6 image4
395,image3 text7 text3 image4 text9
396,image1 image4 text5 image2 image3
397,image1 image4 text9 text8 image2
398,image4 text1 image1 text5 image2
400,image5 text8 text2 image4 text9
401,image5 text6 text8 text2 text3
402,image1 text4 image5 text6 image3
403,image1 image4 image5 image2 image3
404,image2 text2 text8 text9 text4
405,image2 image5 text4 text3 text8
406,image5 text3 text4 text10 image1
407,text2 text7 image1 text3 image5
408,image5 text4 text10 image3 text9
410,image1 text2 text8 image2 image5
411,image1 text9 text6 image4 image5
412,image2 text5 text7 text10 image3
413,image1 text7 text10 text5 image2
415,text1 text8 image1 text5 text3
416,image1 text1 text8 image4 text3
417,image3 text4 text6 image5 text3
418,image2 text9 text1 image5 image1
421,image5 text4 text10 text3 text9
423,text7 text6 text9 image3 text4
424,text10 text3 text8 text9 image5
426,text1 text2 text9 text8 text4
427,text2 text10 text9 image4 text5
428,image5 text6 image2 text7 text2
429,text10 text9 text1 image4 image2
432,text7 text10 text6 image1 text5
433,image5 text2 text4 text5 image4
434,image5 text3 text8 text5 image3
436,text5 image3 text2 text7 image1
437,text1 text6 image3 image2 text5
440,text9 text8 text4 text10 text1
442,text5 image1 text9 text10 text6
444,image1 text1 text7 text8 image2
446,text9 text10 image2 text5 text8
450,image3 text9 text7 image5 image4
451,text6 text1 text4 image5 image2
453,text5 text9 image4 text4 text3
454,text9 text5 image4 text7 image2
455,image5 image2 text6 text10 text7
456,image5 text1 image3 text2 image4
458,image3 image1 text4 text6 text5
459,image5 text8 text10 text4 image3
460,image1 image4 text9 image2 text8
461,image2 text10 text7 image4 text9
462,image5 text6 text8 image2 text10
464,image4 image3 text9 text2 image5
465,image5 image3 image2 image1 image4
466,image5 text2 image4 image1 text3
467,text4 image1 text7 text5 text8
468,image3 text5 image2 text9 text4
469,text7 text9 text1 image2 text8
470,text2 text4 text5 image2 image4
471,image1 image2 text5 text7 text8
472,image3 image2 text10 text4 text8
473,text10 text9 text6 text3 image3
474,image5 text4 text1 text7 text2
475,image3 image4 image5 text1 image2
476,text9 text6 text10 image1 image4
477,text6 image5 text5 image3 image2
478,text1 text8 image2 text10 image4
479,text10 text1 image1 text8 text5
480,image1 image3 text1 text6 text7
481,text2 text3 image5 text7 image4
482,image2 image1 text4 text8 image5
483,image4 text7 text3 image5 text6
484,image5 image3 text6 image2 text10
485,image3 text8 image5 text10 image2
486,image5 image3 text6 text9 text4
487,image2 text3 image4 image5 text8
488,image1 image2 image3 text2 text4
490,text7 image4 text6 text4 image3
491,image4 text4 text2 text6 text7
492,image4 text3 text9 text1 image2
493,image3 image4 text2 text9 text6
494,text8 text5 text9 text10 text6
495,image1 text9 text4 text2 image5
496,image3 text1 text7 text9 text8
497,text4 image5 text2 text5 text10
498,image3 image1 text7 text8 text4
499,image3 image4 image1 text7 image2
501,image1 image3 text6 text2 text7
502,image4 text10 image2 text5 text8
503,image4 image5 text4 image3 image2
504,image3 image2 image1 image4 image5
505,image5 image2 text6 text4 text8
506,image2 image5 image1 image3 image4
507,image2 image3 text6 text10 text7
508,text9 text1 image1 text4 text2
511,image1 image2 image4 text9 image5
512,text7 image3 text3 text6 image1
513,text6 image4 text8 image1 image3
514,image5 text7 text3 text5 image1
515,image1 image5 image3 text2 text8
516,image3 text7 text9 text10 image4
517,text2 image3 image2 text4 text9
518,text10 text9 text5 image4 text7
519,image1 text4 text5 text1 image4
521,image2 text5 text6 text9 text3
522,image1 text3 image5 text10 image2
523,image1 image5 text1 text4 text7
524,image5 text4 text1 text7 text9
526,image4 text1 text9 text8 text2
527,image1 image5 text8 text3 text4
529,image1 text9 text8 image5 text1
531,image4 text5 text8 image3 image5
532,text2 text4 image4 image1 image3
533,image2 text6 text4 image3 image4
534,image4 text7 image3 text9 text6
535,image3 text5 image4 text8 text9
536,image5 image2 text7 text3 text4
537,image5 text5 text3 text9 text2
539,image3 text10 text7 text6 text9
540,image1 image3 image5 text8 text3
541,text8 text3 image5 image3 text9
543,image2 text9 text4 image5 text3
545,image5 image3 image2 text5 text4
546,image3 text2 text7 image2 text10
548,image5 text6 text10 text4 image3
551,text5 image5 text9 image2 text2
552,image1 image3 text1 text6 text9
553,image5 image1 text1 text9 text10
554,image2 image5 text10 text4 image3
555,image5 image2 text7 text6 image3
558,text2 image5 text3 text10 image1
559,image1 image3 text1 image4 text9
561,text1 text7 text3 text8 text4
562,image1 text2 text10 image3 image2
563,text3 text7 text1 text10 text4
564,image1 text5 text6 text2 text8
565,text6 image5 text10 text7 image1
566,text7 image5 text10 image2 text9
567,image1 text7 text5 text6 image4
568,image3 text2 image5 text9 image1
570,image1 text4 image2 text3 text10
572,text1 text6 image2 image5 text10
573,image2 text1 text8 image3 image5
574,image4 text10 image2 text2 text9
575,text3 text8 image2 text6 text9
576,image3 text10 image4 text5 text9
577,image4 text1 text4 image5 image2
578,text6 image2 image5 text3 text1
579,image4 text1 text7 text9 image1
580,text7 image5 text10 image1 text9
581,text1 text9 text4 image2 text7
582,image3 image1 text5 text4 text10
583,text8 text9 image2 image1 text10
585,text2 image1 text5 text9 text3
586,image3 image4 text7 image1 text6
587,image5 image2 text5 text3 image4
588,image4 text7 image1 text4 text9
589,image3 text2 text10 image5 text9
590,image3 image4 text4 text1 image5
592,text4 image2 image5 text9 image3
593,image4 image5 text5 text1 image3
594,text7 image4 text4 image5 image3
595,image5 text4 image1 text9 image3
596,image4 image3 text7 image5 text6
597,image1 image2 text3 image5 text6
598,image5 text1 image4 text3 text7
599,image3 text9 text3 text7 image5
600,text3 text8 text9 text4 image5
601,image1 text3 text5 image4 image5
602,image3 image4 text3 image1 text10
603,image4 text1 text8 image5 image1
604,text10 text6 text5 text9 image1
607,image5 text3 image3 text1 image4
608,text6 text1 text4 text8 image2
609,image3 text5 text10 image5 text1
610,text9 text5 text10 text4 image1
611,image3 text7 text9 image5 image2
612,image3 image5 text4 image1 image2
614,image3 image4 text7 text1 text5
615,image5 image2 image4 text9 text5
616,text9 image4 text6 text10 image5
617,image5 image4 text10 text2 text7
618,image2 text9 image4 text5 text10
619,image3 text10 text2 text7 text5
620,image4 image1 image5 text9 text3
621,image2 text2 image3 text9 image4
622,image2 text1 text7 image3 image5
623,image5 text10 image3 image4 text6
624,image1 text9 image2 text4 text7
625,image2 text10 text3 text5 image3
626,text2 image3 image5 image4 image1
627,text2 text9 text7 image2 image3
628,image3 image5 text10 text9 text8
629,text7 image3 image4 text5 text1
631,text7 text1 text5 text4 image5
632,image2 text1 image3 text4 text7
633,image3 text8 text10 image2 image1
634,image3 image2 text3 text9 image1
635,image4 text7 image1 text2 text3
639,image5 text1 text9 image1 text7
640,text6 image5 image2 text3 text8
642,text5 image5 text8 image4 text4
644,image1 text5 image3 image4 text3
645,image4 image3 text4 image5 text9
646,image2 image5 image1 text6 text7
647,image3 image4 text1 text7 text9
648,image4 text2 text9 image3 text7
649,image3 text7 text1 image4 image2
650,image3 image1 image2 text8 text5
651,text9 image3 image1 text6 image5
652,image3 image1 text3 text4 text5
654,image3 image2 text3 text4 image4
655,text3 text4 image2 text8 image5
656,text2 image2 text10 image1 text4
657,image1 image5 text3 image2 text10
658,image2 text5 text10 text4 image3
659,image3 text1 image1 image4 image2
660,image5 image3 text6 text7 image4
661,image2 text6 text3 text5 text7
662,text3 text9 text2 text7 image3
663,text5 text8 image2 text10 image5
664,image1 text10 text8 text2 image3
665,text8 text4 text2 text3 image5
666,image1 text7 text1 image2 image5
667,image1 text5 image5 text4 image4
668,text10 text9 text4 image3 image2
669,image4 text1 image5 text9 text6
670,text3 text10 text1 image1 image3
671,image5 text1 text2 text9 text4
672,image5 text8 image3 text4 text7
673,image2 text8 text5 image3 text6
674,image3 text9 text5 image1 text10
675,image2 text4 text9 text10 image4
676,image4 image2 text9 text5 text2
677,text5 image5 text1 image3 text8
678,image1 text1 text6 text2 text8
679,image3 image2 text10 text9 image5
680,image1 text4 text2 text7 image3
681,image5 image3 text4 text9 text10
682,image3 image1 text2 text4 text8
683,image3 image5 text5 text6 text9
685,image2 image4 image3 image1 text8
686,text9 image2 text1 image4 image1
688,image1 image5 image2 image3 image4
689,image2 text4 text5 text6 image1
690,image2 image3 image5 text6 text3
691,image1 image4 text10 text2 text3
692,image2 text8 text3 text2 text10
693,text4 text10 image4 text3 image5
694,image4 image2 image3 image1 text2
695,text8 text9 text1 text6 text5
696,image3 text9 text5 text3 image4
697,text3 text1 text9 text8 text10
698,image1 image3 image5 image4 text3
699,text7 text4 image2 text3 text6
700,image1 text9 image5 image2 image4
701,image5 text1 text6 image3 image2
702,image3 text10 text3 image5 text5
703,image4 text7 image2 image1 text2
704,image3 text3 image2 text8 image4
705,image3 text10 image1 text7 image4
706,image5 text2 text1 text6 text3
707,image3 text9 text10 text1 image5
708,image3 text6 text5 image4 image5
709,image4 text7 text1 text9 image3
710,image1 text8 image2 text7 text6
712,image5 text4 text5 text8 text10
716,text5 image1 text1 text10 text2
717,text1 image2 text7 text4 image1
718,image1 text3 text9 text7 text10
719,image5 text8 text10 image4 text5
720,image3 text8 text3 text9 text6
721,image4 text4 text7 text10 text8
722,text9 image4 text8 text4 text10
723,image5 text9 text1 text4 image2
724,image4 text10 image5 text7 text2
725,image1 image3 text1 text8 text6
726,image1 text7 text1 image4 text4
727,text7 text2 image3 text9 image2
728,image3 text3 text8 text2 image5
729,image3 text2 text3 image5 text1
730,text3 text1 image1 text7 text4
731,image4 text2 image1 text9 text4
732,image2 text4 text5 text9 image1
733,text3 image2 image4 text1 text5
734,image5 text3 text7 image4 text9
735,text10 text7 text1 image3 text4
736,image4 text1 text5 text9 text8
737,image1 text6 text7 text1 text4
738,image1 text8 text3 image2 text7
739,image2 text5 text8 text10 image3
740,image1 text1 text7 image5 image4
741,image1 text4 text3 text9 image4
742,image3 image1 text7 text8 text9
743,image2 text8 text1 text4 image5
744,image1 text8 text1 text6 text10
745,text4 text3 image1 text10 text7
746,image2 text1 text7 text6 image3
747,text5 text6 text1 image3 text9
748,image2 text9 text5 text2 text6
750,image3 text8 image1 text2 text9
751,text3 image3 text2 text5 text1
752,image3 text8 image2 image1 text5
753,image3 text1 text9 text2 image1
754,text2 image5 image4 text7 text10
755,image4 text3 text6 text1 image5
756,text10 text8 image2 text5 text2
757,image1 text10 image5 text9 text5
758,image1 text10 text6 text8 text9
760,image3 text9 text5 image1 image5
761,image3 text10 image1 image2 text8
762,image5 text9 text4 text5 image4
763,text4 image4 text3 image2 text10
764,image3 text4 text10 image1 image5
765,image1 text5 text1 image3 image2
766,image1 text1 text7 text2 text9
767,image1 text4 text6 text7 text2
768,image2 text5 text2 text4 text10
769,image2 text2 text10 text4 image1
770,text3 text10 text2 image5 image4
771,text10 text1 image2 text7 text8
772,image4 text3 text2 text8 image2
773,image4 image1 image5 text3 text9
774,text6 text5 text10 image1 image5
775,image5 text4 text10 text2 text8
776,image3 text4 text3 text9 text2
777,image2 image4 text8 text5 text9
778,image1 text10 text7 image4 text5
779,image4 text6 image5 text5 text7
780,text7 text2 image4 text8 image1
781,text1 text10 text7 text5 image4
782,image1 text3 text5 text10 text6
783,image1 text1 text7 text6 text8
784,text1 text7 image3 text2 text9
785,image5 text9 text8 text7 image3
786,image5 text2 text6 image3 text10
787,text4 text9 image4 text3 image5
788,image5 text1 image1 text6 image2
789,image4 text10 image1 text9 text3
790,image2 text3 text2 text8 image4
791,image5 text4 text6 text7 text10
792,image1 text6 text8 text2 text5
793,text10 text7 image3 text9 image5
794,text10 text9 image2 text2 text8
795,text2 image1 image5 text5 image3
796,image5 image4 text8 text7 text5
797,image4 text8 text5 text10 image2
798,text2 image3 text8 image2 text1
799,text10 text1 text8 text7 text2
800,image1 text6 text2 text5 text1
801,image4 text8 image3 text9 text4
802,image1 text1 text7 text6 text9
803,text3 text4 image3 image4 text6
804,image2 text2 text8 text5 text4
805,image4 image3 text10 text7 image5
806,text9 text10 text2 image5 text1
807,image1 text4 text9 image5 text8
808,image4 text5 text10 text9 text2
810,image2 text2 text6 text9 image4
811,image2 image1 text8 text9 text1
812,text9 text10 image1 text8 text4
813,text1 image1 text7 image4 image5
814,image3 text10 text7 text8 image1
815,image1 text5 text7 text1 text3
816,image2 text3 image5 text9 image4
817,image1 text6 text10 text1 text9
818,image3 text6 text4 text1 text7
819,image4 text8 text5 text1 text9
820,image1 text4 text2 text10 image3
822,image2 image5 text9 image4 text6
823,image1 text3 image5 text7 image4
824,image3 image4 text5 image2 text1
825,text2 image5 image3 text9 text1
826,image5 text8 image2 image1 text5
827,text2 text3 text5 text8 image3
828,text1 image3 image1 text6 text7
829,image2 text1 image5 text6 text2
830,text6 image3 text9 image5 text10
831,image3 text6 text1 text5 image2
832,image1 text5 text9 text8 text4
834,image5 text1 text8 text10 text9
835,text1 text9 image3 text3 text7
836,image1 text7 text2 text3 image4
837,text3 text1 image3 text8 image1
838,text9 text7 text4 image4 image3
839,image3 text2 image2 text9 image5
840,image1 text7 text1 text4 text6
841,image3 text4 text2 text7 image5
842,image2 text6 text10 text7 image3
843,image1 text7 text5 text2 image3
844,image1 text1 text3 text4 text6
845,image1 text2 text5 image3 text7
846,image5 text4 text2 text6 image1
847,image3 text6 text3 text2 text5
848,image4 text4 text6 text1 image5
850,text1 text3 text6 image5 text8
851,image5 text8 text7 image3 text5
852,image3 text8 text2 text5 text4
853,image4 text5 image2 text10 text9
854,image1 image2 text8 text3 text5
855,image5 text4 text3 text10 image2
856,image3 image4 text9 text10 image2
857,text9 image3 text7 image1 image2
858,text6 image4 text5 text8 image2
859,text1 image5 text3 text10 image4
860,text2 text1 text7 image3 text4
861,image5 text4 text2 text10 text3
862,text6 text8 text9 text3 image2
863,image5 text6 text10 text7 text4
864,text7 image4 image3 text5 text10
865,image4 text5 text6 image1 text3
866,image4 text8 text6 image3 image5
867,image3 text7 image1 text1 text9
868,text3 image5 text8 text2 text10
869,text9 text2 image5 text4 text6
870,image2 text7 text3 text4 image1
871,image4 text1 text2 image3 image5
872,text3 text9 image3 text1 image4
873,image3 text5 text1 text7 image1
874,image4 text8 image1 text9 text10
875,text1 image5 text2 text6 image3
876,image1 text8 text9 text5 text2
877,image4 image5 text1 text2 text7
878,text6 image3 text4 text10 text7
879,image5 text6 text3 text1 text10
880,image1 image4 image5 text4 image2
881,image3 image5 image1 image4 image2
882,text8 image3 image2 text1 image5
883,image5 text5 text9 text1 text7
884,image5 image1 text9 text10 text6
885,image5 text4 text8 image3 image4
886,text3 text7 image1 text9 text1
887,image4 text3 text8 text9 text4
888,image2 text4 text2 text9 text10
889,image1 text3 text2 image5 image2
890,image5 text9 text1 image1 image4
891,image2 text4 text8 text9 image5
892,text2 text1 text5 image1 text8
893,image4 text10 text3 text4 text9
894,image4 text6 text10 text8 image3
895,image4 text6 text8 text1 text3
896,image5 text5 text1 text6 image2
897,text3 text8 image4 text9 text10
898,text3 image4 text8 text10 text5
899,image3 text6 text9 image2 text8
900,text7 text9 text8 image1 text1
901,image4 text9 text5 text7 text8
902,image5 text5 image1 image2 text6
903,image4 text3 image1 text8 text10
904,image2 text8 text6 text2 image5
905,image1 text6 text7 text9 text3
906,text2 image1 text3 text8 text7
907,image3 text6 text9 image1 image5
908,image5 image2 image4 text8 text2
909,image3 image4 text6 text5 text8
911,image1 text5 text4 image5 text3
912,image5 text9 text7 text3 image4
913,image2 text9 image3 image4 text10
914,image4 text10 text9 text8 text2
915,image1 text5 text8 image5 text10
916,image4 text8 image5 text1 image3
917,image5 text9 text1 text10 text7
918,image3 text9 text3 text7 image4
919,image4 text2 text8 text9 image5
920,image4 text8 text5 text3 text7
921,text3 text4 text7 image4 text5
922,image5 text8 text3 text10 image1
923,image2 text4 text7 image3 text10
924,image4 text10 image1 image3 image2
925,text1 image1 text5 text7 image3
926,text8 image1 image5 text6 text7
927,image4 text5 text6 text7 image3
928,image5 text7 text9 text4 image3
929,text2 image2 image3 text4 text8
930,image3 text7 text3 image2 text9
931,image5 image3 text10 text7 image1
932,image5 text10 text2 text7 image1
933,image3 text10 text9 text2 image2
934,image5 text8 text4 text2 text7
935,image1 text8 image2 image4 text7
936,image1 image5 image2 text4 text9
937,image5 text10 image1 text7 text2
938,image2 text6 text5 text4 text8
939,image1 text3 text8 text2 text5
940,image2 text2 image1 text5 image5
941,text3 text6 text2 text7 image4
943,text7 text1 image2 text4 image3
944,image5 text7 image2 image1 text5
945,image2 text9 text2 image1 text10
946,text2 image5 text10 text3 text6
947,image1 text1 text4 image3 image5
948,image2 text6 text10 text7 text9
949,image3 text2 text6 text5 text1
950,text10 text5 image3 text7 image1
951,image1 text10 text9 image3 text4
952,image4 image2 image5 text8 text1
953,text3 image3 text5 text2 text9
954,image3 image1 text6 image5 text4
955,text6 text10 image2 text9 text4
956,image4 text1 text7 text4 image2
957,image2 text7 text4 image3 text3
958,image3 text9 text1 image5 text2
959,image1 text2 text6 text7 text3
960,text8 image5 text3 text2 text10
961,image3 text8 text2 image4 image5
962,text4 image3 text1 text9 text3
963,text5 text7 text8 image1 text1
964,image5 text5 text10 text7 image3
965,text8 text10 image3 text7 image1
966,image1 text9 text5 image4 image2
967,image3 text10 image4 text6 image2
968,image4 text6 image1 text9 text5
969,image1 text9 text6 text4 text10
970,image5 text3 text2 text7 text8
971,image2 text9 text5 text2 text10
973,image1 text1 text4 text6 image4
974,text1 image3 text2 image5 text8
975,image1 text2 image5 image2 image3
976,text4 image5 text3 text7 text8
977,text1 text9 text6 text10 image1
978,text4 text7 text9 text1 image1
979,image1 image5 text2 text7 image3
980,text3 text8 text10 text6 image5
981,image3 text2 image5 text6 text4
982,text10 text2 text5 image1 text7
983,image2 text4 text8 text9 text1
984,image5 text4 text8 text1 image1
985,image4 text2 text6 image3 text10
986,text3 text6 text8 text9 text1
987,text5 text9 text4 text10 text7
988,image4 image2 text2 text1 image5
989,image4 text8 text2 text6 image5
990,text6 text9 text2 image3 text8
991,text4 text1 text7 text3 image4
992,text3 text5 text6 text9 image5
993,text9 text5 image4 image2 text7
994,image5 text5 text4 image3 image1
995,text10 text1 text7 text4 text6
996,text5 text8 image5 text1 text3
997,image3 text2 text5 text1 image1
998,image5 text10 text2 image1 text9
999,image2 text8 text4 text9 text10
1000,image2 text2 text9 text4 text7
1001,text1 text5 text7 text9 text10
1002,text10 text1 text7 text3 image3
1003,image3 text6 image1 text1 text9
1004,text5 text7 image3 text9 image5
1005,image3 text7 image2 text9 text2
1006,text1 text3 text2 text6 image4
1007,text7 text8 image2 text5 text2
1008,text8 text6 text5 image4 image5
1009,text8 text2 image1 text3 text4
1010,text4 text9 image5 text10 text2
1011,image5 image3 text4 image1 image2
1012,text9 text5 text1 text6 image2
1013,image3 text6 image4 image2 text9
1014,text1 image3 text8 text3 text10
1015,text3 text10 text2 text4 text9
1016,image1 text7 image2 text3 text1
1017,text9 image2 text7 text3 image3
1018,text7 text2 text9 image2 text5
1019,text9 text3 text5 text10 text2
1020,image5 text7 image3 text9 text1
1021,image2 text9 text2 text1 text10
1022,image2 text9 text2 text4 text5
1023,image1 text10 text1 text9 image4
1024,image5 text6 text5 text7 text9
1025,text5 text2 image1 text8 text7
1026,text10 text8 image3 text2 text1
1027,text4 image1 text10 text3 text9
1028,image5 text1 text4 text9 text3
1029,image2 text8 text5 text1 image4
1031,text7 text8 text1 text5 text2
1032,text10 text4 text9 text5 text3
1033,image2 text8 text3 text2 text9
1034,image4 text8 text5 text4 text6
1035,text10 text7 text8 image1 text4
1036,image5 text8 text10 text2 text4
1037,image4 text4 text3 text6 text8
1038,image5 text9 text6 text10 text3
1039,text3 text8 text4 text10 text5
1040,image2 text1 text4 image5 text9
1041,image1 text7 image4 image2 text5
1042,image2 text6 image3 image4 text1
1043,image3 text5 text7 text4 text1
1044,image4 text4 text10 image5 text9
1045,text8 text1 image2 image3 text4
1046,image4 text3 text2 image3 text8
1047,image1 text8 image4 text5 image3
1048,text5 text10 text9 image4 image5
1049,text8 text2 text3 text7 image3
1050,image5 image3 text7 image4 image2
1051,image4 text8 text5 text7 text10
1052,image3 text9 text2 image5 image4
1053,text2 text3 text7 text9 text10
1054,text5 text6 text10 text9 text7
1055,text1 text6 text4 text2 text10
1056,text9 image4 text2 text8 text7
1057,image2 text4 text9 text3 image5
1058,image1 text1 text7 text10 image3
1059,text5 text8 text7 text9 image2
1060,text5 image3 text4 text3 text9
1062,image1 text10 text3 text4 image3
1063,text2 text8 text5 text3 image2
1064,image2 text4 image1 text9 text7
1065,text6 text2 text3 image2 text4
1066,text1 text7 text3 text5 text8
1067,image2 text7 text3 text4 text9
1068,text5 text10 text7 text6 text9
1069,image1 text8 text10 text3 image3
1070,text6 text7 text3 text9 image5
1071,text3 text5 image3 text1 text9
1072,text3 text10 text8 image5 text7
1073,image2 text9 text5 text7 text6
1074,text4 text7 image1 text5 text10
1075,image1 text7 image5 text2 text9
1076,image5 text7 text10 text4 text9
1077,image5 text6 text7 text8 text5
1078,image4 text9 text4 image3 text6
1079,text5 text8 image1 text10 text3
1080,text10 text7 text3 image2 text8
1081,text3 text9 text5 text2 image3
1082,image1 text6 text1 text9 text4
1083,text7 text10 image1 text4 text1
1084,image3 text1 text6 text9 text4
1085,text8 image2 text3 text9 text7
1086,image1 text9 text8 text4 image5
1087,image4 text2 text8 text1 text10
1088,image4 text2 text6 text4 text7
1089,text9 text7 image2 image4 text6
1091,text10 text8 text1 text6 text2
1092,image3 text2 text8 text9 text5
1093,text6 text1 text7 text2 text3
1094,text1 text8 text5 image5 text10
1095,text9 text2 text7 text5 image1
1096,image2 text5 text10 text9 text4
1097,image4 text4 text2 text10 text1
1098,text7 text3 text9 text1 image5
1099,image3 image4 text9 text3 image5
1100,image3 text4 text9 text1 text6
1101,image5 text10 text9 text5 text2
1102,text5 text9 text2 text6 image5
1103,text9 text1 text5 image1 text2
1104,text6 text7 text9 image3 text4
1105,text10 image5 text3 text7 text8
1106,image5 text9 text1 text2 text7
1107,text7 text9 image1 text2 image3
1108,image5 text7 text9 text1 image1
1109,text6 text2 text7 text1 text5
1110,text1 text2 text10 image5 text9
1111,image3 text1 text7 text9 text5
1112,text9 text6 image4 text7 text3
1113,text1 text10 text5 text6 image2
1114,text5 text10 text3 text4 image5
1115,text5 text10 text3 text8 text9
1116,text2 text8 text9 image5 text10
1117,image1 text9 text7 text3 text1
1118,text1 text7 text5 text10 image4
1119,text8 image1 text7 text9 text3
1120,image1 text9 text4 text10 text2
1121,image4 text1 text8 text3 image3
1122,image5 text1 text6 text8 text9
1123,text1 text7 text2 text4 text9
1124,text9 text5 image2 text10 text4
1125,image2 text6 text3 text1 text7
1126,text8 text5 text4 image4 text10
1127,text4 text9 image5 text10 text3
1128,image3 text1 text2 text9 text4
1129,text10 text5 text1 text2 image2
1130,text10 text7 image3 text1 text4
1131,text3 text4 text1 text9 text10
1132,image4 text2 text1 text4 text5
1133,image4 text1 text4 text5 text3
1134,text8 text9 text1 text10 image2
1135,text3 text8 text7 text2 text5
1136,image3 text9 text6 text4 image1
1137,text8 text7 image2 text4 text1
1138,image5 text9 text1 image2 image3
1139,text4 text3 text6 text2 image3
1140,text1 text5 text6 text4 image1
1141,image5 text7 text9 text1 text6
1142,text9 text7 text4 text3 text1
1143,image1 image4 text8 text6 image5
1144,image5 text8 text10 text2 text7
1145,image4 text10 text6 text8 text7
1146,text7 text3 text6 text1 text8
1147,image4 text5 text7 text6 image2
1148,image4 text8 image3 image2 image1
1149,image3 text10 image5 text1 image2
1150,image4 text10 text8 image3 image5
1151,text4 text7 text8 text10 text3
1152,text6 text2 text10 text8 text4
1153,image4 text7 text4 image1 image3
1154,text8 image2 text4 text3 text6
1155,text8 image2 text5 text10 image5
1156,text9 text10 text5 text2 text8
1157,text2 text7 image2 text1 image5
1158,image1 text9 image3 image5 image2
1159,text9 text7 text8 text3 text10
1160,text5 image3 image4 image5 text10
1161,image5 text10 text9 text2 text3
1162,image2 text1 text8 image5 text4
1163,text8 text3 text4 text9 image4
1164,image1 image5 text3 image2 text7
1165,image3 image5 text6 text1 image4
1166,text7 text3 image1 text10 text8
1167,image5 text8 text2 text10 text9
1168,text7 text1 text9 text4 text2
1169,text2 image3 text5 text3 text6
1170,image2 text5 text10 text9 image3
1171,text10 text7 image3 text6 image2
1172,image4 text5 image5 text10 text2
1173,text3 text10 image3 image4 text1
1174,text8 text5 image2 text10 text7
1175,image1 text6 text10 text9 image4
1176,image4 text3 text8 text10 image5
1177,image1 text8 image5 image3 text3
1178,text8 text4 text3 text10 text9
1179,text10 text1 text4 text5 image2
1180,image1 image3 text6 text3 image5
1181,text3 text7 text1 text8 image3
1182,text7 text4 text6 text9 text10
1183,image5 text8 text7 text10 image3
1184,image1 text6 image2 image3 text8
1185,text4 text7 text10 text5 text2
1186,text4 text2 text9 text5 text10
1187,image5 image3 text4 text7 image2
1188,image4 text7 text1 text8 text9
1189,image1 text2 text5 text4 text1
1190,image4 text10 text1 text2 text8
1191,text9 text3 text6 image5 text5
1192,text5 text8 text2 image2 text1
1193,text2 text3 text8 text5 image1
1194,image4 text4 text2 text10 text9
1195,text8 image5 text9 text7 text4
1197,text9 text7 image3 text5 image5
1198,image3 text4 text1 text6 text8
1199,text2 image1 text10 text6 text9
1200,text1 text2 text4 text10 image3
1201,text2 text6 image2 image1 text9
1202,image2 text9 text5 text8 image4
1203,image3 text1 text3 text4 image2
1206,text7 image4 text8 image3 text6
1207,text1 text4 text3 image1 text6
1208,text9 text3 text4 text6 image2
1209,image5 text9 text3 text8 text4
1210,image5 text8 text1 text5 text3
1211,text10 image1 text4 text3 text7
1212,image2 text6 text4 text9 text10
1213,image1 text9 text8 text4 text2
1214,image1 image3 text3 text10 text9
1215,image1 text1 text6 image2 text3
1216,image2 text3 text1 text8 text6
1217,image2 text2 text6 text8 text5
1218,text9 image4 text8 text1 text7
1219,image2 text7 image1 text9 image3
1220,image5 text3 text7 text6 text9
1221,text9 image2 text2 image5 text3
1222,image5 text3 text7 text1 image2
1223,text10 image4 text3 text6 text2
1224,text7 text6 text9 text4 image5
1225,text4 text1 image3 text2 image2
1226,text6 text8 text2 image3 text3
1227,text2 text10 text8 text6 text7
1229,image1 text8 text4 text7 image5
1230,text6 text10 text1 text9 image2
1231,image3 text6 text4 image5 image4
1232,image3 text2 text4 text9 text10
1233,image4 text7 image1 image2 text9
1234,text9 text6 text5 image2 text2
1235,image4 text2 text9 image3 text3
1236,image3 text8 image1 text1 text9
1238,text1 image5 text4 image4 text9
1239,image1 text9 text4 text7 text3
1240,image3 text7 image2 text2 text9
1241,image5 text9 text1 text4 text7
1242,image2 text1 image4 image3 text7
1243,image1 text1 text8 text5 text9
1244,image3 text6 text2 text8 text7
1245,image2 text1 text8 image1 text6
1246,image3 text7 image1 image2 text3
1247,text1 image4 text3 text5 image1
1248,image2 text7 text9 text8 text3
1249,image4 text5 image3 text9 image2
1250,image5 text5 text9 text10 text3
1251,text5 text6 text9 text4 image2
1252,image1 text1 text4 text8 image3
1253,image5 text5 image4 image3 text4
1254,text9 text5 image4 image1 text2
1255,image5 text9 text2 text4 text10
1256,image5 text8 text4 image1 text6
1257,image5 text8 text10 text9 image1
1258,image4 text5 text10 text4 text3
1259,image4 text10 image3 text7 text4
1260,image5 text1 text9 text2 image1
1261,text10 text2 image3 text7 text8
1262,text9 image2 text10 text5 text3
1263,image1 text5 text10 text6 text3
1264,text4 text5 text8 text10 text6
1265,text2 image2 text1 text3 text7
1266,text9 image3 image2 text2 text8
1267,image1 text10 text5 text6 text9
1268,text8 image3 text9 text2 image4
1269,text4 text8 image1 text9 text5
1270,image2 text4 text9 text5 text7
1271,image4 text3 text7 text4 text9
1272,image5 text2 text5 text3 text8
1273,image5 image2 text10 text1 text4
1274,text10 text1 image3 text8 text4
1275,text1 text5 text3 text8 text9
1276,image3 text4 text10 text5 text8
1277,text7 text9 text6 text1 text4
1278,image2 text6 text9 image5 text1
1279,text9 text4 image4 text2 text7
1280,image3 text1 text9 text8 text6
1281,image1 text4 text8 text6 text5
1282,image1 text3 text9 text10 image2
1283,image1 text5 text7 text1 image2
1284,image3 text6 image2 text3 text7
1285,text4 text5 text2 text8 text9
1286,text5 text3 text2 text7 image5
1287,text4 image2 image3 text7 text5
1288,image3 text10 text7 text8 text9
1289,text7 image5 text2 text5 text9
1290,image2 text2 text8 text9 text4
1291,text10 image5 text1 text3 text6
1292,image5 text8 text1 text10 text3
1293,image2 text7 text3 text9 text10
1294,text7 text3 text5 image3 image2
1295,image1 text5 text10 image5 text2
1296,text6 text2 text4 image4 text7
1297,image5 text7 text2 text1 image4
1298,image3 text9 text7 text3 text4
1299,text10 image5 text8 text5 image4
1300,image3 text7 text5 text10 text3
1301,image3 text1 text7 text5 text8
1302,image1 text6 text2 text9 text10
1303,image5 text3 text9 image1 image4
1304,text2 text7 text8 text5 text3
1305,text2 text8 text5 image1 text1
1306,text1 text7 text2 text4 text5
1307,image3 text2 text5 image1 text1
1308,text10 image1 text9 image3 image5
1309,text4 image2 text1 text7 image5
1310,text8 image5 image1 text4 text1
1311,image5 text10 text1 text4 text7
1312,text4 image5 text10 text2 text7
1313,image4 text3 text7 text6 text10
1314,image3 text4 image4 text10 text3
1315,image4 text9 text8 image3 text1
1316,text6 text2 text10 image4 image2
1317,image5 text2 text9 text3 text10
1318,text2 image1 text6 text4 text5
1319,text3 text6 text2 text9 image4
1320,text5 image3 text2 image2 image4
1321,text4 image5 text2 text9 text7
1322,image3 text5 text7 text2 text4
1323,text10 text5 image2 image5 text6
1324,image5 text2 text3 text1 text8
1325,image3 text6 text8 text10 image2
1326,image4 text8 image5 text3 text6
1327,image4 text8 text1 text4 image3
1328,image2 text5 text1 text7 text3
1329,image5 text7 image2 text8 text3
1330,text1 text5 text6 image5 text2
1331,image4 text4 text8 text5 text2
1332,text9 image3 text1 text3 image2
1333,image3 text2 image5 text5 image2
1334,image5 text2 text6 text4 text9
1335,text5 text10 text7 text4 text9
1336,image5 text4 text10 text9 text2
1337,image3 text3 text9 image4 text7
1338,image4 text7 image3 image1 text2
1339,image5 image2 text9 text6 text7
1340,image3 text1 text7 text9 text2
1341,text8 text4 text3 text6 text10
1342,text2 text1 text9 text10 text6
1343,image1 text4 text10 text6 text3
1344,image2 text9 text4 text10 text3
1345,text6 text8 image2 image3 text5
1346,image1 text1 text8 text7 text5
1347,text2 text3 text6 text1 text10
1348,text3 image4 text5 text8 text10
1349,image3 image5 text10 text9 text2
1350,text1 image4 text7 text4 image2
1351,image1 text2 text6 text5 text3
1352,image1 text3 text7 text1 image5
1353,text1 image3 image5 text4 text5
1354,image5 image2 text10 text5 image3
1355,image3 text3 text7 text10 text8
1356,image5 text5 text10 text6 image1
1357,image3 text1 text9 text4 image2
1358,image4 text5 text9 text7 text3
1359,image5 text2 text10 text7 text5
1360,image5 text9 text10 text3 text2
1361,text7 image4 image2 text2 text3
1362,image5 text3 text6 text2 text8
1363,image5 text7 text9 text10 image1
1364,image2 text4 text1 text6 image1
1365,text6 text10 text9 text5 text8
1366,image4 text3 text8 text10 text9
1367,text5 image1 text6 text9 text3
1368,image4 text7 text3 text2 text6
1369,text7 image4 text1 text5 text6
1370,image2 text3 image4 text7 text9
1371,text3 text8 text10 text6 image3
1372,text4 text9 image3 text7 text8
1373,image4 text6 text9 image1 text5
1374,image4 text6 text2 text7 text4
1375,text4 image4 text2 text3 text10
1376,image5 text7 text9 text5 image3
1377,text6 image3 text10 text2 image2
1378,text5 text3 text1 text8 text9
1379,image3 text10 text4 text2 text7
1380,image5 text2 text1 text9 text5
1381,image5 text4 text10 text9 text3
1382,image5 image2 text9 text3 text7
1383,text2 text8 text9 image2 text4
1384,image3 text7 text6 text2 image2
1385,text8 text3 text1 image3 text4
1386,text2 text4 text10 text9 image3
1387,text2 text1 image3 text10 text7
1388,image3 text8 text10 text4 image1
1389,image3 text2 text5 text10 text3
1390,image4 image3 text9 text7 text5
1391,image3 text2 image1 text9 image4
1392,text5 image1 text2 text9 text4
1393,image2 text8 text6 text3 text1
1394,image3 text2 text9 image4 text10
1395,image3 text3 text10 text7 text5
1396,image1 text1 image2 image3 text9
1397,image3 text8 text3 text5 image1
1398,text8 image2 image5 text1 text9
1399,image3 text3 image1 text9 text7
1400,image5 text6 text1 text2 image1
1401,text8 text2 text4 text1 image1
1402,image4 text10 text4 image3 image1
1403,image3 image5 text3 image2 image4
1404,text8 image4 image1 text3 text1
1405,text5 text4 image3 text10 image1
1406,image2 text1 text7 image5 image3
1407,image1 text1 text4 text2 text6
1408,image4 text10 image5 text9 text3
1409,image3 text5 text4 text10 text7
1410,image1 text2 text6 text3 text10
1411,image3 text3 text10 text1 text4
1412,text5 text10 image2 text8 text9
1413,image2 text6 image5 text1 text3
1414,text9 image1 text3 text10 text2
1415,image3 image5 text7 text4 text8
1416,text2 image1 text4 image3 image4
1417,text6 image1 text8 text7 text9
1418,text4 image3 text9 text10 text5
1419,image2 text1 text2 text8 image4
1420,image4 text10 text9 text8 text7
1421,image1 text1 image4 text2 text5
1422,text1 text9 text5 image3 text2
1423,image4 text8 text10 text4 image1
1424,image1 text2 text10 text6 text7
1425,image1 text5 text1 text10 text7
1426,image3 text5 image1 image2 text8
1427,image1 text3 text4 image3 text5
1428,image4 text7 text10 text8 text9
1429,image2 text3 text1 text2 text7
1430,image3 image4 text3 text5 text4
1431,text2 text7 text3 image2 text8
1432,image3 text9 text4 image4 text1
1433,image4 text4 text2 text10 text8
1434,text6 text1 image1 text10 text7
1435,text7 text6 image1 text9 text10
1436,image5 text9 text8 image4 text7
1437,image4 text5 text2 text10 text8
1438,image1 text4 text7 image3 text9
1439,image3 text3 text6 text5 text2
1441,image2 text6 text9 image1 text5
1442,image1 text2 text7 text10 text4
1443,text4 image2 text10 text3 text1
1444,image4 text7 text4 text10 text5
1445,image5 text2 image3 text7 text5
1446,text8 text4 image5 image1 image3
1447,image5 text7 text3 text4 image3
1448,image3 text3 text5 text6 text10
1449,image3 text1 text3 text9 text7
1450,image5 text2 text4 text6 text1
1451,text9 text10 image4 text7 text2
1452,image5 text5 text6 text3 text10
1453,image1 text10 text6 text2 text9
1454,image3 text7 text8 text3 text4
1455,text7 text5 text6 image1 text4
1456,image3 text1 text5 text2 text7
1457,image4 text6 text5 text7 text8
1458,image3 text2 image5 text7 text8
1459,image1 image4 text1 image3 image5
1460,image2 image3 text1 text9 text5
1461,text1 text3 text5 image2 image4
1462,image5 text7 image4 text1 text8
1463,image5 text6 text4 text8 image2
1464,image5 text6 text7 image4 text9
1465,image4 text6 text10 text5 text4
1466,text6 text5 image1 text10 text3
1467,text6 text7 image5 image3 text9
1468,image4 text1 text8 text10 text3
1469,image2 text9 text3 text5 image5
1470,image4 text10 text3 image2 image5
1471,text8 text7 image1 text10 text2
1472,text3 image2 text7 image1 text9
1473,image3 text8 text1 text6 image2
1474,text2 text9 image2 text7 text10
1475,text10 image3 text3 text1 text6
1476,image2 text3 text6 text8 text10
1477,text9 image2 text1 text7 text4
1478,image3 image2 text5 text7 text1
1479,text5 text6 text4 text3 image1
1480,image4 text8 image5 image1 text6
1481,image5 text5 text9 text3 text7
1482,image1 text2 text6 text3 text4
1483,image1 text6 image5 text7 text4
1484,image4 text4 text6 text10 text1
1485,text8 text7 text9 text6 text10
1486,text2 image5 text5 text10 image2
1487,text3 text6 text5 image3 text2
1488,text4 image3 text3 image5 text1
1489,image2 text10 text3 text9 text7
1490,image2 text10 text5 image4 text2
1491,image1 text5 text1 text3 text10
1492,text5 text9 text6 text7 image1
1493,image5 text4 text7 text10 image4
1494,image2 text2 text4 text10 text9
1495,text1 text5 image5 text4 text10
1496,text3 image1 text1 text5 text7
1497,image2 text2 text4 image1 text10
1498,image4 text10 text7 text6 text9
1499,text2 image4 text3 text10 text7
1500,image1 text3 text10 text7 text5
1501,image4 text3 text5 text10 text6
1502,image3 text10 text6 text2 text9
1503,text2 text9 text6 text3 image4
1504,text2 image3 text7 text3 image1
1505,text8 image1 text6 text3 text7
1506,text6 text7 image4 text5 image2
1507,image4 text2 text9 text10 text6
1508,image4 text6 text2 text7 image3
1509,image3 text3 text8 text5 image2
1510,image4 text2 text10 text6 text9
1512,text3 image4 text2 text8 text10
1513,text8 text1 text3 image4 image1
1514,text8 text5 image5 text2 text3
1515,image4 text2 text9 text10 text3
1516,image3 text10 text9 text6 text3
1517,image3 text9 text6 text4 text10
1518,text6 text2 image2 text10 text7
1519,image3 text5 image4 image1 image5
1520,text7 text10 image3 text2 text8
1521,text1 image3 text6 text2 text9
1522,text9 text7 image2 text8 text2
1523,text7 text3 text9 image5 text10
1524,text6 text10 image3 text5 text2
1525,image1 text1 text2 text8 image3
1526,text7 image1 text10 text6 image4
1527,image3 image1 image2 image4 text5
1528,text8 text6 image3 text4 text2
1529,text1 text4 image2 text10 text7
1530,image3 text5 image2 text10 image1
1531,image2 text3 text7 text8 text9
1532,image4 text2 text5 image3 text9
1533,image5 text4 text6 image2 text3
1534,text10 image4 text2 text8 image3
1535,image1 text8 image3 text9 text10
1536,text8 text3 text5 text1 text6
1537,image4 text10 text7 text3 image5
1538,image1 text6 text9 text1 image2
1539,image4 text3 text9 text6 text10
1540,image3 text9 text4 text10 image5
1541,image2 text4 image3 image1 text6
1542,text2 image1 text6 text9 image3
1543,text4 text5 text7 text9 image2
1544,image4 text3 text2 image1 text5
1545,image5 text9 text6 text1 text8
1546,image1 text4 text8 text6 text2
1547,image5 text8 text9 text6 image3
1548,image5 text5 text1 text6 text8
1549,text2 text7 image1 text10 text3
1550,text1 text3 image3 text8 text5
1551,image1 text2 text9 text10 text3
1552,image3 text7 text4 text6 image1
1553,text2 text8 text4 image4 text10
1554,image2 text5 text3 image4 text1
1555,image2 text8 text10 text2 image5
1556,image3 text8 text2 text5 image2
1557,text9 text3 image5 text6 text5
1558,image4 text2 text9 text7 text6
1559,image2 text2 text10 text7 text5
1560,image3 text6 text1 text5 image5
1561,text8 text4 text10 text6 image4
1562,image1 image2 text4 text7 text10
1563,image4 image5 text7 text10 text9
1564,image5 text3 text1 text8 text2
1565,text2 image5 text10 text4 image4
1566,image1 text9 text10 text6 text4
1567,image4 text9 text7 text10 text5
1568,text6 text1 image5 text3 image2
1569,image3 image1 image5 text8 image2
1570,image2 text9 text4 text8 text5
1571,image4 text2 text5 text1 image1
1572,text7 text9 text8 image5 text10
1573,image1 text9 image3 image5 text1
1574,text6 text3 text7 text10 image1
1576,text1 text3 image3 image2 image5
1577,image4 text7 image2 text2 text8
1578,image5 image4 text9 image3 text10
1579,image3 image4 image2 text7 text10
1580,image1 text9 text2 text4 text10
1581,image1 text7 text2 text4 text8
1582,text6 text7 text9 text4 image4
1583,text6 text2 text7 text9 text5
1584,text9 image4 image1 text10 text3
1585,image1 text4 text1 text6 text5
1586,text9 image4 text7 text6 text10
1587,image1 text10 text5 image4 text8
1588,image3 text3 image5 text1 text6
1589,image1 text1 text7 text2 text9
1590,image5 text5 text4 text10 text2
1591,image1 text7 text4 text1 text2
1592,text6 text9 text8 image2 text10
1593,text4 text8 text2 image1 text5
1594,image5 text6 text8 text9 text10
1595,text1 image2 text5 text9 text4
1596,image1 image2 text4 image3 image4
1598,image4 text7 text6 text3 text2
1599,text4 text8 image3 image5 text9
1600,image5 text6 text4 text8 text7
1602,image4 image1 text5 image3 image5
1604,image5 image3 text3 text10 text4
1605,text9 text6 text10 text2 image2
1606,text1 image5 text7 image4 text3
1607,image1 image2 image3 text10 text5
1608,text2 image5 text8 text9 text3
1609,image2 text3 text8 text9 text6
1610,image2 image5 text5 image3 image1
1611,image2 text2 text3 text7 image1
1612,text1 image2 text8 text5 text4
1613,text4 image1 image3 text9 text10
1614,image1 text2 text10 image5 text6
1616,text4 text2 text10 text5 image3
1618,text10 image2 image5 text4 text7
1619,image4 text10 text2 text9 text6
1620,image4 text5 text3 image3 text4
1621,image1 image2 text3 image4 image5
1622,text7 text3 image1 image3 text5
1623,image4 text10 text1 text8 text3
1624,text8 image4 text6 text2 text10
1625,image3 text6 text10 image2 text9
1627,image4 text2 image5 text10 text9
1628,text7 image1 image4 text10 image5
1629,image3 image4 text2 text10 text7
1630,image5 text5 text7 text9 text6
1631,image2 text9 text7 image5 text1
1632,text9 image4 text5 text2 image3
1633,image5 image1 text4 text3 image4
1634,image2 image3 text9 text7 image4
1635,text9 image4 text4 text8 image3
1636,text5 text7 image1 text2 text4
1637,text10 text5 image2 text7 text9
1638,image3 text10 image1 image4 image2
1639,image5 text7 text6 text2 text5
1640,image5 image3 text8 text10 text3
1641,image3 text2 text3 image1 text10
1642,text9 text5 text3 image1 image2
1643,text9 text6 text5 image3 image4
1644,text8 image1 image2 text2 text9
1645,image1 image5 text3 text6 text7
1646,image2 text4 text9 text10 text1
1647,text4 image4 text9 text5 text3
1648,image2 text4 text6 text7 text3
1649,text4 image1 text1 text9 image3
1650,image4 text6 image5 text10 text8
1651,text6 image3 text1 text7 image4
1652,image1 text1 text10 text7 image4
1653,image5 image3 text9 text10 text8
1654,image3 image1 text7 text4 text10
1655,text9 text5 image2 text7 text10
1656,image2 text9 text4 text5 text7
1657,text6 image3 text7 text8 text10
1658,text4 text7 text6 text2 image5
1659,text10 image5 image1 text4 text9
1660,image3 text4 text7 text8 text5
1661,image2 image4 text10 text9 text7
1662,image3 text5 text6 text3 image2
1663,text4 text10 text5 text3 image1
1664,image1 image2 image5 image3 text8
1665,text2 text9 image5 text10 image4
1666,image3 image4 text4 text9 text5
1667,image1 text10 text2 text9 text8
1668,image3 text9 image1 text1 text6
1669,image4 image5 text3 image3 text10
1670,text7 image3 text9 text8 text3
1671,image1 text6 text4 text9 text7
1672,image1 text9 image3 text7 image4
1673,text3 image5 text5 text8 text10
1675,text2 text5 text9 text7 image5
1676,image1 text4 text2 image5 text7
1677,image4 image1 text10 text7 text1
1678,text7 text1 text8 image2 image4
1679,image2 text4 text7 text2 image4
1680,text1 text2 image4 text7 text4
1681,image1 text5 text1 image2 text4
1682,image3 text9 text5 text10 text4
1683,image4 text3 text1 text6 image3
1684,text3 text5 text2 image2 text7
1685,text9 text7 image3 image1 image2
1686,image5 text1 text7 text3 image1
1687,image4 text8 text10 text3 text9
1688,image2 text8 text3 text1 text7
1689,text7 text5 image5 text2 image3
1691,text4 text8 text9 text5 image5
1693,text8 text2 image2 text5 text3
1694,text2 text5 text6 text7 text1
1695,text3 text10 text6 text2 text9
1698,text8 text10 text1 text7 text6
1700,image1 text3 text2 text8 image5
1703,image2 text8 text2 text1 text4
1704,text6 text10 text5 text1 text9
1705,text2 text6 text8 text9 text10
1706,image1 image2 text10 text9 text7
1707,text8 text10 text4 text6 text2
1708,text7 text10 text1 text3 image3
1709,text8 text10 image3 text7 text1
1710,text7 text2 text8 text9 text10
1711,text2 text8 text1 text7 text9
1712,text8 image2 image4 text3 image3
1713,text8 image2 text5 text3 image1
1714,image1 text10 text4 text5 text8
1715,text9 text4 image1 text8 text1
1716,text2 text7 image3 text10 text3
1717,text6 text2 image4 text8 text10
1718,text10 image4 image1 image3 text5
1719,image3 image2 text9 text2 image5
1720,image1 image3 image5 text2 text1
1721,image4 text9 image2 text1 text2
1722,image4 image5 text2 image1 text10
1723,text3 text6 text8 text4 image2
1724,image4 image3 text2 text5 text6
1725,image3 text7 image4 text1 image5
1726,image1 image5 image2 text2 image3
1727,image3 text6 image1 text1 text7
1728,image4 text6 text3 image2 image3
1729,text6 image2 text5 image1 text8
1730,image1 text5 text2 text8 text10
1731,image2 text6 text1 text3 image1
1732,image4 image2 text7 text6 text8
1733,image1 text9 text7 image2 text6
1734,image4 text1 text7 image3 image2
1735,image3 text5 text8 text1 text4
1736,image3 text5 text10 text9 image4
1737,image5 text4 text10 text6 text2
1738,image3 text8 text2 text5 image1
1739,image2 text4 text3 image4 text5
1740,image5 image2 text10 text1 image4
1741,text9 text1 text4 text5 image4
1742,image1 image2 image4 text5 image3
1743,image1 text9 text4 text10 text3
1744,image4 text3 text1 text9 text7
1745,image1 text2 image4 text1 image5
1746,image5 text8 text9 text2 text4
1747,image2 text9 text10 text7 image1
1748,image5 text4 text9 image4 image3
1749,image3 text10 text3 text4 image5
1750,image1 text4 text1 image2 image5
1752,image2 text1 text9 text4 text7
1753,image4 text6 text2 text4 image1
1754,image3 image2 text10 text1 text5
1755,text3 text6 text9 text5 image5
1756,image3 text8 text10 text4 text9
1757,image3 text8 image4 image1 image2
1758,image4 image1 text7 image2 image3
1759,image1 text8 text9 text5 image4
1760,image4 text9 image5 text4 text2
1761,image2 text1 image5 text2 text6
1762,text3 text8 text5 text4 text7
1763,image4 image3 image5 text6 text7
1764,image5 text1 text4 text3 text9
1765,image1 text1 text9 text6 text8
1766,image1 text4 text7 text5 image5
1767,image2 text2 text1 image4 image5
1768,image2 text8 text10 text7 text9
1769,image4 image2 image1 text6 image5
1770,image4 text1 text6 text4 text10
1771,image5 text4 text8 image3 image4
1772,image2 text10 text7 text3 text5
1773,image3 text1 text6 text7 text4
1774,image4 text10 image1 text8 image3
1775,text9 text8 image4 image2 image1
1776,image1 text2 text1 text10 text7
1777,image5 text5 image4 text9 text3
1778,image4 text10 image3 text8 text7
1779,image3 text6 text2 text3 text8
1780,image2 image4 text10 image5 text9
1781,image3 text7 image1 text5 image2
1782,image3 text9 image4 image2 text1
1783,image1 text7 image4 image2 text6
1784,text8 text7 image5 image4 image3
1785,image2 text8 text5 text1 image3
1786,text8 image2 text1 text9 text3
1787,image2 text6 text5 image4 image3
1788,image5 text10 image3 text3 text8
1789,image1 text4 image4 image5 image3
1790,image4 text1 image3 image2 image5
1791,image3 text2 text4 image2 text3
1792,image3 text5 text10 text4 text2
1793,text7 text8 image2 text6 text10
1794,text3 image2 text9 text7 text8
1795,text6 image1 text7 text1 text9
1796,image1 image4 text2 text3 text8
1797,image1 text4 text9 image2 text2
1798,image5 text5 text8 text9 text10
1799,image2 text10 text7 text6 text8
1800,image1 text1 text3 text9 text4
1801,text10 text7 image5 image3 image2
1802,image4 text6 text8 text7 text3
1804,image2 text5 text1 text7 text9
1805,image3 text10 text6 image1 text7
1806,image4 image1 image3 image5 image2
1807,image2 text5 text8 text10 text7
1808,image5 text3 image1 text5 image2
1809,image5 text8 text7 image4 text9
1810,image2 text7 text6 image5 text1
1811,text9 image3 image2 text5 text8
1812,image1 image4 text4 text9 image2
1813,image5 text9 image4 image1 text5
1814,image5 text1 image1 text4 image2
1815,image2 text10 text7 text3 text5
1816,text9 image3 image2 image1 text1
1817,text1 text7 text4 text8 text3
1818,text6 image5 text7 image3 text5
1819,text3 text1 image1 text2 text6
1820,image2 image5 image1 image3 image4
1821,image5 text8 image1 text7 text9
1822,image3 text9 text1 text4 image5
1823,image5 text3 text5 image3 text7
1824,image5 text2 text6 text5 image3
1825,image4 text3 text8 text9 image1
1826,image2 text1 text9 text6 text5
1827,image4 text3 text1 text5 text8
1828,image3 text7 text5 text6 text4
1829,text1 text9 image1 text8 text7
1830,image2 text3 text2 image1 text1
1831,image2 text4 text9 image5 image1
1832,image1 text10 text2 text5 text4
1833,image4 image2 image1 text2 text9
1834,image4 text8 image3 text1 text5
1835,image4 text2 text1 text5 text7
1836,image4 image3 image5 image1 image2
1837,image3 text1 image5 text4 image2
1839,image5 text8 text4 text5 image1
1840,image1 image5 image3 image4 text7
1841,image2 text6 text9 text8 text7
1842,image2 image3 image4 image5 text7
1843,image5 image1 text6 text1 text5
1844,image3 text4 text10 text7 image4
1845,image1 image3 text1 text5 text9
1846,text9 text2 text7 text4 text10
1847,image5 text5 text3 image2 text9
1848,image1 text9 image3 text5 text7
1849,image5 text8 image4 image1 text7
1850,image3 text4 text2 image1 text9
1851,image3 text3 text8 text9 image2
1852,text10 text5 image3 image5 text7
1853,image4 text4 image3 text8 text3
1855,text5 image1 text6 image3 text9
1857,image1 text9 text7 text8 text10
1858,text4 image3 image1 text3 text9
1860,image4 text7 text10 text4 image3
1861,image3 image4 image2 image1 image5
1862,image2 text3 text1 text7 text9
1863,text1 text9 text3 text5 image1
1864,image1 text7 text9 text2 image3
1865,image2 text5 text4 text7 text8
1866,image2 text4 text10 text6 text7
1867,image4 image1 image5 image3 text9
1868,image4 text9 text5 text10 text1
1869,text6 text8 text4 image3 image1
1870,image1 text4 image3 text8 text9
1871,image5 image3 image1 text6 text8
1872,text6 text7 image5 text4 text8
1873,image2 text8 image3 text5 text7
1874,text3 text2 image3 text6 image2
1875,image2 text3 text10 text4 text1
1876,image3 text10 text7 text4 text1
1877,text3 image3 image4 text1 image2
1878,image4 text8 image1 text2 image3
1879,text3 text6 text1 image4 image2
1880,image1 text1 text7 text5 text9
1881,image4 text9 text8 image5 image3
1882,text1 text6 text10 text3 text9
1883,image3 image4 text5 text7 text2
1884,text8 text10 image5 text5 text9
1885,image2 text7 text1 text5 text9
1886,image1 text10 text2 text1 text3
1887,text1 text4 text2 text6 text7
1888,image3 image2 text5 image4 text9
1889,text10 text3 text9 image1 image5
1890,text8 text2 image1 text4 text5
1891,image5 text7 text10 text6 text8
1892,image3 text7 text5 image1 image2
1893,text2 text9 text4 text8 text10
1894,text7 image5 image1 text5 text9
1895,image5 text8 text2 text7 text9
1896,image2 text2 text7 text10 text1
1897,image4 text9 text5 text6 text8
1898,image3 text1 text2 text3 text7
1899,image4 text7 image5 image1 image3
1900,image4 text9 text4 image5 text7
1901,text10 text3 image2 image4 text8
1902,text7 image2 text4 text3 image3
1903,image1 text2 text9 text5 text6
1904,image2 text10 image5 image3 image4
1905,image1 text3 text6 text8 text9
1906,text5 image2 text2 text7 text6
1907,image1 text8 text6 text9 text7
1908,image5 image4 text2 text9 text10
1909,image5 text1 text7 image4 image3
1910,image3 text6 text9 text8 text10
1911,image2 text9 image4 text10 image5
1912,image4 text3 image3 text9 text6
1913,image5 text9 text10 text3 text5
1914,image5 text7 text5 image1 text10
1915,text1 image5 image1 text8 text2
1916,image2 image3 image5 text3 image4
1917,image3 text9 text2 text6 text8
1918,text3 text5 image2 text1 image1
1919,image3 text9 text7 text2 image2
1920,image3 image5 text8 text5 image4
1921,image1 text4 text5 image2 image3
1922,image1 text9 text7 text4 text2
1923,text3 text10 image3 text6 image1
1924,image5 text6 text2 text5 text4
1925,image1 image5 image2 text4 image3
1926,image3 text8 image4 text9 text5
1927,image3 text4 text10 text1 text3
1928,image1 image5 text2 text7 text9
1929,image4 text1 text4 text10 image3
1930,image2 image3 image4 image1 image5
1931,text4 text7 text8 text3 image2
1932,image2 image1 image3 text4 text9
1933,image3 text9 image4 text3 image5
1934,image1 text8 text1 text3 text10
1935,image1 text4 image5 text10 text5
1936,image3 text2 text7 image2 text5
1937,image1 text4 text8 text9 text3
1938,image3 image5 text9 text7 text4
1939,text4 text9 image2 text8 text2
1940,image3 text10 text9 text7 text3
1941,image3 text9 text10 text4 text2
1942,text2 text5 text7 text3 text4
1943,image5 text10 text7 text6 text9
1944,image4 text9 image5 text7 text5
1945,text3 text1 image5 image1 text2
1946,image2 image4 text2 text9 image5
1947,image1 image3 text9 text6 image4
1948,image1 image5 text9 text1 text7
1949,image3 text5 text1 text4 text6
1950,image5 text9 image1 image4 image3
1951,image5 image2 text2 text7 text4
1952,text1 text5 text2 text3 text10
1953,image2 image5 text3 image1 image4
1954,image1 text6 image4 image3 image5
1955,text5 text10 text9 text1 text7
1956,image5 text4 text1 text6 text5
1958,text7 text3 image4 text8 text9
1959,image5 image4 text7 text10 text5
1960,image4 image3 image1 text7 text2
1961,image5 text5 image4 text7 text10
1962,image1 text4 text8 text9 text10
1963,image3 text3 image5 text1 text7
1964,image1 text4 text5 text9 text7
1965,image1 text10 text4 text1 text9
1966,image4 text10 image5 text8 image2
1967,image2 image1 image4 image5 image3
1968,text8 image5 text10 text3 text1
1969,image1 image5 text1 text4 text7
1970,text10 text9 image4 image5 text7
1971,image2 text3 text7 text5 text9
1972,image4 text1 image2 image3 text9
1973,image2 text1 text6 text7 text4
1974,text6 text5 text8 text7 image5
1975,image1 text1 image2 image3 image5
1976,text4 text10 image3 text2 image2
1977,image1 text3 image3 text7 image5
1978,image1 text9 text1 image4 text5
1979,image2 text6 text9 text8 text3
1980,image5 text7 image3 text3 image4
1981,image1 text1 text5 text7 text6
1982,text10 text9 text6 text7 text1
1983,image2 text8 text2 image1 text4
1984,image3 text6 image5 text4 text7
1985,image5 text7 image1 image2 text8
1986,image2 image3 image5 image1 image4
1987,text7 image1 text4 text9 text10
1988,image2 text7 text6 image1 text8
1989,image2 text1 text5 text4 text10
1990,image3 text10 text1 text8 text3
1991,text5 image1 text6 image5 text2
1992,text2 image1 image5 text6 text10
1993,image5 text6 text9 text10 text4
1994,image4 text4 text9 text2 text8
1995,image5 text10 text3 image1 text7
1996,image1 text8 text5 text7 text10
1997,image4 text4 image5 text1 text7
1998,image2 image3 text10 text6 image5
1999,image2 text10 text9 text3 text6
