Experiment_ID,Method_Category,Features,K-Fold,CV_Reward_0.85,CV_Avg_Performance,CV_Avg_Cost,Model_Distribution,Public_Kaggle_Score
Oracle_Upper_Bound,Baseline,-,-,0.6731,0.8083,0.0072,Optimal Routing,
KNN_MiniLM_k200,KNN,Qwen3-embedding-8b,200,0.4731,0.5805,0.0105,"{'Model_K': 5081, 'Model_H': 2202, 'Model_F': 1059, 'Model_D': 879, 'Model_B': 754, 'Model_C': 71, 'Model_I': 64, 'Model_J': 28, 'Model_G': 21, 'Model_E': 18, 'Model_A': 5}",
Ensemble_Ridge_KNN_w0.5,Ensemble,Qwen3-embedding-8b,15,0.4729,0.5871,0.0134,"{'Model_K': 3156, 'Model_H': 2073, 'Model_F': 1322, 'Model_B': 985, 'Model_D': 946, 'Model_J': 413, 'Model_I': 377, 'Model_G': 290, 'Model_C': 241, 'Model_A': 212, 'Model_E': 167}",
Ensemble_Ridge_KNN_w0.5,Ensemble,Qwen3-embedding-8b,5,0.472,0.5852,0.0131,"{'Model_K': 3161, 'Model_H': 2045, 'Model_F': 1321, 'Model_B': 945, 'Model_D': 932, 'Model_J': 431, 'Model_I': 373, 'Model_G': 305, 'Model_C': 268, 'Model_A': 224, 'Model_E': 177}",
KNN_MiniLM_k100,KNN,Qwen3-embedding-8b,100,0.4706,0.5839,0.0132,"{'Model_K': 3944, 'Model_H': 2352, 'Model_F': 1331, 'Model_D': 1023, 'Model_B': 922, 'Model_I': 171, 'Model_J': 112, 'Model_C': 107, 'Model_G': 88, 'Model_E': 67, 'Model_A': 65}",
KNN_MiniLM_k50,KNN,Qwen3-embedding-8b,50,0.4694,0.5834,0.0136,"{'Model_K': 3338, 'Model_H': 2195, 'Model_F': 1397, 'Model_D': 1070, 'Model_B': 960, 'Model_I': 262, 'Model_J': 255, 'Model_C': 208, 'Model_G': 202, 'Model_A': 165, 'Model_E': 130}",
KNN_MiniLM_k50,KNN,Qwen3-embedding-8b,50,0.4682,0.582,0.0136,"{'Model_K': 3373, 'Model_H': 2190, 'Model_F': 1404, 'Model_D': 1077, 'Model_B': 952, 'Model_I': 256, 'Model_J': 244, 'Model_G': 208, 'Model_C': 195, 'Model_A': 167, 'Model_E': 116}",
Cascading_Ridge_Model_K_theta0.0626,Cascading,dense_Qwen-Qwen3-Embedding-8B,10,0.4669,0.5719,0.0099,"{'Model_K': 4658, 'Model_H': 1408, 'Model_F': 1019, 'Model_B': 694, 'Model_D': 592, 'Model_J': 435, 'Model_G': 338, 'Model_I': 335, 'Model_C': 270, 'Model_E': 219, 'Model_A': 214}",
Cascading_Ridge_Model_H_theta0.0586,Cascading,dense_Qwen-Qwen3-Embedding-8B,10,0.4658,0.5901,0.0184,"{'Model_H': 3628, 'Model_K': 2341, 'Model_F': 1093, 'Model_B': 629, 'Model_D': 613, 'Model_J': 480, 'Model_G': 340, 'Model_I': 334, 'Model_C': 279, 'Model_E': 225, 'Model_A': 220}",
KNN_MiniLM_k1000,KNN,Qwen3-embedding-8b,1000,0.4654,0.5628,0.0067,"{'Model_K': 7991, 'Model_H': 1541, 'Model_D': 353, 'Model_F': 178, 'Model_B': 118, 'Model_C': 1}",
ridge,regression,dense_Qwen-Qwen3-Embedding-8B,10,0.4628,0.5743,0.0131,"{'Model_K': 2850, 'Model_H': 1841, 'Model_F': 1368, 'Model_B': 870, 'Model_D': 800, 'Model_J': 619, 'Model_G': 458, 'Model_I': 447, 'Model_C': 355, 'Model_E': 297, 'Model_A': 277}",0.45612
ridge,regression,w2v_size100_win5,5,0.4614,0.5696,0.0117,"{'Model_K': 4630, 'Model_H': 1874, 'Model_B': 1041, 'Model_D': 992, 'Model_F': 916, 'Model_J': 382, 'Model_I': 142, 'Model_C': 73, 'Model_A': 51, 'Model_G': 50, 'Model_E': 31}",
ridge,regression,dense_all-MiniLM-L6-v2,5,0.4611,0.5709,0.0124,"{'Model_K': 3257, 'Model_H': 1904, 'Model_F': 1258, 'Model_B': 1023, 'Model_D': 827, 'Model_J': 521, 'Model_I': 381, 'Model_G': 323, 'Model_C': 278, 'Model_E': 226, 'Model_A': 184}",
ridge,regression,svd_comp500_tfidf5000_ng1-1,5,0.4578,0.5662,0.0121,"{'Model_K': 3491, 'Model_H': 1803, 'Model_F': 1330, 'Model_B': 805, 'Model_D': 762, 'Model_J': 515, 'Model_I': 364, 'Model_C': 344, 'Model_G': 290, 'Model_E': 266, 'Model_A': 212}",
ridge,regression,svd_comp1000_tfidf30000_ng1-3,10,0.4573,0.5659,0.0122,"{'Model_K': 3043, 'Model_H': 1815, 'Model_F': 1316, 'Model_B': 879, 'Model_D': 782, 'Model_J': 624, 'Model_C': 421, 'Model_G': 403, 'Model_I': 361, 'Model_E': 316, 'Model_A': 222}",
random_forest,regression,dense_Qwen-Qwen3-Embedding-8B,10,0.4568,0.5659,0.0124,"{'Model_K': 3731, 'Model_H': 1495, 'Model_F': 1253, 'Model_D': 934, 'Model_B': 921, 'Model_J': 534, 'Model_I': 427, 'Model_E': 278, 'Model_C': 241, 'Model_G': 231, 'Model_A': 137}",
lightgbm,regression,tfidf_max30000_ng1-3,10,0.456,0.5652,0.0126,"{'Model_K': 3412, 'Model_H': 1844, 'Model_F': 1338, 'Model_B': 734, 'Model_D': 656, 'Model_J': 521, 'Model_I': 423, 'Model_C': 351, 'Model_G': 335, 'Model_E': 323, 'Model_A': 245}",
lightgbm,regression,svd_comp1000_tfidf30000_ng1-3,10,0.4559,0.5653,0.0127,"{'Model_K': 2964, 'Model_H': 1664, 'Model_F': 1393, 'Model_B': 838, 'Model_D': 786, 'Model_J': 628, 'Model_I': 439, 'Model_C': 438, 'Model_G': 390, 'Model_E': 380, 'Model_A': 262}",
ridge,regression,tfidf_max30000_ng1-3,10,0.4556,0.5642,0.0123,"{'Model_K': 2867, 'Model_H': 1647, 'Model_F': 1361, 'Model_B': 827, 'Model_D': 760, 'Model_J': 672, 'Model_C': 508, 'Model_G': 458, 'Model_I': 426, 'Model_E': 404, 'Model_A': 252}",
random_forest,regression,svd_comp1000_tfidf30000_ng1-3,10,0.4556,0.5646,0.0125,"{'Model_K': 3350, 'Model_H': 1823, 'Model_F': 1355, 'Model_D': 801, 'Model_J': 727, 'Model_B': 726, 'Model_I': 411, 'Model_C': 296, 'Model_E': 269, 'Model_G': 243, 'Model_A': 181}",
ridge,regression,meta_len1_code1_math1,5,0.4555,0.5675,0.0138,"{'Model_K': 7792, 'Model_H': 1985, 'Model_D': 217, 'Model_B': 109, 'Model_C': 39, 'Model_A': 32, 'Model_F': 6, 'Model_I': 1, 'Model_J': 1}",
xgboost,cost_sensitive,dense_Qwen-Qwen3-Embedding-8B,10,0.4555,0.5758,0.0174,"{'Model_K': 5386, 'Model_H': 1846, 'Model_F': 808, 'Model_D': 508, 'Model_C': 406, 'Model_B': 367, 'Model_J': 349, 'Model_G': 227, 'Model_I': 169, 'Model_E': 58, 'Model_A': 58}",
lightgbm,regression,tfidf_max5000_ng1-1,5,0.4553,0.5634,0.0121,"{'Model_K': 3625, 'Model_H': 1648, 'Model_F': 1319, 'Model_B': 715, 'Model_D': 669, 'Model_J': 524, 'Model_I': 438, 'Model_G': 357, 'Model_C': 324, 'Model_E': 303, 'Model_A': 260}",
random_forest,regression,dense_all-MiniLM-L6-v2,5,0.4542,0.563,0.0125,"{'Model_K': 3832, 'Model_H': 1532, 'Model_F': 1356, 'Model_B': 986, 'Model_D': 919, 'Model_J': 563, 'Model_C': 258, 'Model_I': 244, 'Model_E': 190, 'Model_G': 186, 'Model_A': 116}",
lightgbm,cost_sensitive,dense_Qwen-Qwen3-Embedding-8B,10,0.4525,0.5444,0.0053,"{'Model_K': 8388, 'Model_C': 487, 'Model_H': 446, 'Model_D': 444, 'Model_E': 151, 'Model_F': 120, 'Model_J': 110, 'Model_G': 15, 'Model_I': 11, 'Model_B': 8, 'Model_A': 2}",
lightgbm,cost_sensitive,dense_all-MiniLM-L6-v2,5,0.4518,0.5485,0.0074,"{'Model_K': 7886, 'Model_H': 766, 'Model_C': 512, 'Model_D': 470, 'Model_F': 228, 'Model_J': 145, 'Model_E': 112, 'Model_B': 24, 'Model_G': 19, 'Model_I': 17, 'Model_A': 3}",
lightgbm,regression,dense_Qwen-Qwen3-Embedding-8B,10,0.4516,0.5632,0.014,"{'Model_K': 2571, 'Model_H': 1736, 'Model_F': 1386, 'Model_B': 933, 'Model_D': 844, 'Model_J': 631, 'Model_I': 532, 'Model_G': 449, 'Model_C': 401, 'Model_A': 355, 'Model_E': 344}",
xgboost,cost_sensitive,dense_all-MiniLM-L6-v2,5,0.4511,0.5752,0.0195,"{'Model_K': 4988, 'Model_H': 2145, 'Model_F': 948, 'Model_D': 518, 'Model_B': 456, 'Model_C': 320, 'Model_J': 272, 'Model_G': 221, 'Model_I': 174, 'Model_E': 83, 'Model_A': 57}",
Static_Model_K,Baseline,-,-,0.4504,0.5324,0.0011,{'Model_K': 10182},
xgboost,regression,tfidf_max30000_ng1-3,10,0.4503,0.5586,0.0126,"{'Model_K': 3344, 'Model_H': 1682, 'Model_F': 1226, 'Model_B': 741, 'Model_D': 701, 'Model_J': 584, 'Model_I': 430, 'Model_C': 405, 'Model_G': 388, 'Model_E': 362, 'Model_A': 319}",
random_forest,cost_sensitive,dense_Qwen-Qwen3-Embedding-8B,10,0.4502,0.5323,0.0012,"{'Model_K': 10109, 'Model_E': 30, 'Model_D': 26, 'Model_C': 9, 'Model_H': 3, 'Model_J': 2, 'Model_F': 1, 'Model_B': 1, 'Model_I': 1}",
random_forest,cost_sensitive,w2v_size100_win5,5,0.45,0.5331,0.0016,"{'Model_K': 9312, 'Model_E': 290, 'Model_C': 262, 'Model_D': 184, 'Model_H': 37, 'Model_J': 37, 'Model_F': 23, 'Model_B': 13, 'Model_I': 13, 'Model_A': 7, 'Model_G': 4}",
random_forest,cost_sensitive,dense_all-MiniLM-L6-v2,5,0.4498,0.5321,0.0013,"{'Model_K': 10054, 'Model_E': 43, 'Model_D': 36, 'Model_C': 23, 'Model_J': 10, 'Model_H': 8, 'Model_I': 3, 'Model_B': 2, 'Model_F': 2, 'Model_G': 1}",
lightgbm,regression,dense_all-MiniLM-L6-v2,5,0.4497,0.5606,0.0138,"{'Model_K': 2660, 'Model_H': 1749, 'Model_F': 1323, 'Model_B': 951, 'Model_D': 880, 'Model_J': 647, 'Model_I': 484, 'Model_G': 420, 'Model_C': 399, 'Model_E': 360, 'Model_A': 309}",
random_forest,regression,tfidf_max30000_ng1-3,10,0.4494,0.5597,0.0136,"{'Model_K': 2592, 'Model_H': 1627, 'Model_F': 1288, 'Model_B': 997, 'Model_D': 786, 'Model_I': 764, 'Model_J': 602, 'Model_C': 404, 'Model_G': 391, 'Model_A': 382, 'Model_E': 349}",
random_forest,cost_sensitive,svd_comp1000_tfidf30000_ng1-3,10,0.449,0.541,0.0056,"{'Model_K': 9585, 'Model_H': 345, 'Model_C': 55, 'Model_E': 44, 'Model_D': 42, 'Model_J': 36, 'Model_F': 26, 'Model_G': 18, 'Model_I': 13, 'Model_B': 10, 'Model_A': 8}",
random_forest,classification,dense_all-MiniLM-L6-v2,5,0.4488,0.531,0.0013,"{'Model_K': 9739, 'Model_E': 172, 'Model_D': 127, 'Model_C': 118, 'Model_J': 11, 'Model_H': 8, 'Model_I': 2, 'Model_B': 2, 'Model_F': 2, 'Model_G': 1}",
random_forest,classification,tfidf_max30000_ng1-3,10,0.4488,0.5316,0.0016,"{'Model_K': 8920, 'Model_E': 468, 'Model_C': 375, 'Model_D': 201, 'Model_J': 76, 'Model_F': 40, 'Model_I': 31, 'Model_H': 26, 'Model_G': 18, 'Model_B': 18, 'Model_A': 9}",
random_forest,classification,dense_Qwen-Qwen3-Embedding-8B,10,0.4487,0.5308,0.0013,"{'Model_K': 9693, 'Model_E': 242, 'Model_D': 121, 'Model_C': 111, 'Model_H': 6, 'Model_J': 3, 'Model_F': 2, 'Model_B': 2, 'Model_I': 1, 'Model_A': 1}",
random_forest,classification,svd_comp1000_tfidf30000_ng1-3,10,0.4487,0.5312,0.0015,"{'Model_K': 9654, 'Model_E': 170, 'Model_C': 125, 'Model_D': 115, 'Model_J': 38, 'Model_I': 18, 'Model_F': 18, 'Model_H': 13, 'Model_G': 11, 'Model_B': 11, 'Model_A': 9}",
SFT_distilbert-base-uncased,SFT_Classifier,text_tokens,5,0.4487,0.5304,0.0011,"{'Model_K': 9485, 'Model_C': 604, 'Model_E': 93}",
lightgbm,cost_sensitive,svd_comp1000_tfidf30000_ng1-3,10,0.4485,0.5488,0.0092,"{'Model_K': 7832, 'Model_H': 819, 'Model_C': 475, 'Model_D': 393, 'Model_F': 207, 'Model_E': 172, 'Model_J': 150, 'Model_G': 55, 'Model_B': 38, 'Model_I': 25, 'Model_A': 16}",
random_forest,classification,svd_comp500_tfidf5000_ng1-1,5,0.4484,0.5308,0.0014,"{'Model_K': 9492, 'Model_E': 221, 'Model_C': 197, 'Model_D': 130, 'Model_J': 45, 'Model_F': 30, 'Model_I': 20, 'Model_H': 19, 'Model_B': 11, 'Model_G': 10, 'Model_A': 7}",
lightgbm,classification,svd_comp1000_tfidf30000_ng1-3,10,0.4483,0.531,0.0015,"{'Model_K': 9163, 'Model_C': 393, 'Model_E': 262, 'Model_D': 218, 'Model_J': 55, 'Model_F': 26, 'Model_H': 17, 'Model_I': 14, 'Model_G': 14, 'Model_B': 11, 'Model_A': 9}",
xgboost,classification,tfidf_max30000_ng1-3,10,0.4483,0.5323,0.0021,"{'Model_K': 8596, 'Model_C': 617, 'Model_D': 362, 'Model_E': 330, 'Model_J': 124, 'Model_H': 46, 'Model_I': 33, 'Model_F': 29, 'Model_G': 21, 'Model_B': 20, 'Model_A': 4}",
xgboost,cost_sensitive,tfidf_max30000_ng1-3,10,0.4483,0.5877,0.0264,"{'Model_K': 4223, 'Model_H': 2701, 'Model_F': 1463, 'Model_B': 394, 'Model_J': 273, 'Model_G': 272, 'Model_D': 250, 'Model_I': 212, 'Model_C': 199, 'Model_E': 113, 'Model_A': 82}",
xgboost,classification,svd_comp500_tfidf5000_ng1-1,5,0.4482,0.5306,0.0015,"{'Model_K': 8898, 'Model_C': 489, 'Model_D': 328, 'Model_E': 261, 'Model_J': 80, 'Model_F': 44, 'Model_I': 29, 'Model_H': 20, 'Model_G': 13, 'Model_B': 13, 'Model_A': 7}",
random_forest,classification,w2v_size100_win5,5,0.4481,0.5307,0.0015,"{'Model_K': 9068, 'Model_C': 447, 'Model_E': 318, 'Model_D': 219, 'Model_J': 43, 'Model_F': 28, 'Model_H': 20, 'Model_I': 13, 'Model_B': 12, 'Model_G': 7, 'Model_A': 7}",
xgboost,classification,w2v_size100_win5,5,0.448,0.5314,0.0019,"{'Model_K': 8561, 'Model_C': 685, 'Model_D': 418, 'Model_E': 305, 'Model_J': 88, 'Model_H': 53, 'Model_F': 29, 'Model_B': 14, 'Model_I': 13, 'Model_G': 9, 'Model_A': 7}",
lightgbm,classification,meta_len1_code1_math1,5,0.4479,0.5322,0.0023,"{'Model_K': 8699, 'Model_C': 569, 'Model_D': 313, 'Model_E': 226, 'Model_J': 115, 'Model_G': 55, 'Model_H': 53, 'Model_I': 49, 'Model_B': 41, 'Model_A': 35, 'Model_F': 27}",
xgboost,cost_sensitive,tfidf_max5000_ng1-1,5,0.4478,0.5861,0.0259,"{'Model_K': 4330, 'Model_H': 2581, 'Model_F': 1437, 'Model_B': 439, 'Model_J': 303, 'Model_D': 235, 'Model_G': 226, 'Model_I': 207, 'Model_C': 200, 'Model_E': 125, 'Model_A': 99}",
random_forest,cost_sensitive,tfidf_max30000_ng1-3,10,0.4478,0.5399,0.0057,"{'Model_K': 8815, 'Model_E': 424, 'Model_H': 361, 'Model_C': 275, 'Model_D': 132, 'Model_J': 65, 'Model_F': 47, 'Model_G': 23, 'Model_I': 21, 'Model_B': 12, 'Model_A': 7}",
lightgbm,classification,svd_comp500_tfidf5000_ng1-1,5,0.4477,0.5301,0.0015,"{'Model_K': 9093, 'Model_C': 398, 'Model_E': 262, 'Model_D': 243, 'Model_J': 68, 'Model_F': 41, 'Model_I': 27, 'Model_H': 22, 'Model_G': 12, 'Model_B': 12, 'Model_A': 4}",
ridge,regression,tfidf_max5000_ng1-1,5,0.4477,0.5544,0.0121,"{'Model_K': 3215, 'Model_H': 1632, 'Model_F': 1282, 'Model_B': 811, 'Model_D': 730, 'Model_J': 613, 'Model_I': 429, 'Model_C': 427, 'Model_G': 421, 'Model_E': 389, 'Model_A': 233}",
xgboost,classification,svd_comp1000_tfidf30000_ng1-3,10,0.4477,0.5306,0.0017,"{'Model_K': 9043, 'Model_C': 445, 'Model_D': 267, 'Model_E': 262, 'Model_J': 63, 'Model_F': 26, 'Model_H': 22, 'Model_I': 17, 'Model_B': 16, 'Model_A': 11, 'Model_G': 10}",
lightgbm,classification,tfidf_max30000_ng1-3,10,0.4476,0.5323,0.0025,"{'Model_K': 8079, 'Model_C': 762, 'Model_D': 525, 'Model_E': 357, 'Model_J': 190, 'Model_H': 72, 'Model_F': 70, 'Model_I': 41, 'Model_G': 37, 'Model_B': 34, 'Model_A': 15}",
random_forest,classification,tfidf_max5000_ng1-1,5,0.4474,0.5302,0.0017,"{'Model_K': 8673, 'Model_E': 485, 'Model_C': 461, 'Model_D': 309, 'Model_J': 76, 'Model_F': 67, 'Model_I': 32, 'Model_H': 28, 'Model_B': 21, 'Model_G': 18, 'Model_A': 12}",
random_forest,cost_sensitive,svd_comp500_tfidf5000_ng1-1,5,0.447,0.5388,0.0057,"{'Model_K': 9446, 'Model_H': 372, 'Model_F': 83, 'Model_C': 66, 'Model_D': 58, 'Model_E': 56, 'Model_J': 45, 'Model_I': 23, 'Model_B': 19, 'Model_G': 7, 'Model_A': 7}",
random_forest,regression,svd_comp500_tfidf5000_ng1-1,5,0.447,0.5545,0.0125,"{'Model_K': 3444, 'Model_H': 1700, 'Model_F': 1288, 'Model_B': 815, 'Model_D': 804, 'Model_J': 602, 'Model_I': 390, 'Model_E': 348, 'Model_C': 346, 'Model_A': 225, 'Model_G': 220}",
xgboost,classification,dense_all-MiniLM-L6-v2,5,0.447,0.5296,0.0016,"{'Model_K': 8926, 'Model_C': 596, 'Model_D': 364, 'Model_E': 214, 'Model_J': 41, 'Model_H': 23, 'Model_F': 9, 'Model_A': 3, 'Model_G': 3, 'Model_I': 3}",
lightgbm,cost_sensitive,tfidf_max30000_ng1-3,10,0.447,0.5778,0.0227,"{'Model_K': 4583, 'Model_H': 2314, 'Model_F': 1334, 'Model_C': 475, 'Model_D': 426, 'Model_B': 280, 'Model_J': 275, 'Model_E': 181, 'Model_G': 154, 'Model_I': 130, 'Model_A': 30}",
lightgbm,classification,dense_Qwen-Qwen3-Embedding-8B,10,0.4469,0.5289,0.0014,"{'Model_K': 9110, 'Model_C': 494, 'Model_E': 277, 'Model_D': 222, 'Model_J': 44, 'Model_H': 21, 'Model_F': 6, 'Model_G': 4, 'Model_I': 3, 'Model_B': 1}",
xgboost,cost_sensitive,svd_comp1000_tfidf30000_ng1-3,10,0.4469,0.5727,0.0205,"{'Model_K': 5235, 'Model_H': 2144, 'Model_F': 922, 'Model_D': 438, 'Model_B': 393, 'Model_C': 259, 'Model_J': 254, 'Model_G': 232, 'Model_I': 139, 'Model_E': 113, 'Model_A': 53}",
lightgbm,classification,w2v_size100_win5,5,0.4468,0.5297,0.0017,"{'Model_K': 8791, 'Model_C': 643, 'Model_D': 296, 'Model_E': 273, 'Model_J': 69, 'Model_H': 36, 'Model_F': 29, 'Model_I': 14, 'Model_B': 12, 'Model_G': 11, 'Model_A': 8}",
xgboost,classification,tfidf_max5000_ng1-1,5,0.4462,0.5297,0.0021,"{'Model_K': 8517, 'Model_C': 660, 'Model_D': 386, 'Model_E': 323, 'Model_J': 126, 'Model_H': 37, 'Model_I': 31, 'Model_G': 30, 'Model_B': 30, 'Model_F': 30, 'Model_A': 12}",
lightgbm,cost_sensitive,w2v_size100_win5,5,0.4461,0.5615,0.0161,"{'Model_K': 6042, 'Model_H': 1650, 'Model_F': 697, 'Model_D': 545, 'Model_C': 501, 'Model_J': 277, 'Model_B': 184, 'Model_E': 142, 'Model_G': 70, 'Model_I': 57, 'Model_A': 17}",
xgboost,classification,meta_len1_code1_math1,5,0.4461,0.5301,0.0023,"{'Model_K': 8795, 'Model_C': 589, 'Model_D': 331, 'Model_E': 238, 'Model_J': 84, 'Model_H': 42, 'Model_F': 31, 'Model_B': 29, 'Model_G': 24, 'Model_I': 12, 'Model_A': 7}",
lightgbm,classification,dense_all-MiniLM-L6-v2,5,0.446,0.5283,0.0015,"{'Model_K': 9146, 'Model_C': 491, 'Model_D': 273, 'Model_E': 201, 'Model_J': 33, 'Model_H': 23, 'Model_F': 7, 'Model_I': 3, 'Model_A': 2, 'Model_G': 2, 'Model_B': 1}",
random_forest,cost_sensitive,tfidf_max5000_ng1-1,5,0.446,0.5379,0.0058,"{'Model_K': 8668, 'Model_E': 414, 'Model_H': 384, 'Model_C': 289, 'Model_D': 190, 'Model_F': 106, 'Model_J': 60, 'Model_I': 31, 'Model_B': 21, 'Model_G': 12, 'Model_A': 7}",
xgboost,classification,dense_Qwen-Qwen3-Embedding-8B,10,0.4459,0.5283,0.0016,"{'Model_K': 8966, 'Model_C': 517, 'Model_E': 300, 'Model_D': 270, 'Model_J': 69, 'Model_H': 37, 'Model_G': 8, 'Model_F': 6, 'Model_I': 5, 'Model_B': 3, 'Model_A': 1}",
lightgbm,cost_sensitive,svd_comp500_tfidf5000_ng1-1,5,0.4455,0.5455,0.0093,"{'Model_K': 7479, 'Model_H': 832, 'Model_C': 574, 'Model_D': 438, 'Model_F': 332, 'Model_J': 205, 'Model_E': 179, 'Model_B': 60, 'Model_I': 39, 'Model_G': 35, 'Model_A': 9}",
KNN_qwen3-emb-8b_k5,KNN,Qwen3-embedding-8b,5,0.4452,0.5509,0.0118,"{'Model_K': 3412, 'Model_D': 1250, 'Model_H': 1167, 'Model_F': 966, 'Model_C': 831, 'Model_B': 677, 'Model_J': 647, 'Model_G': 390, 'Model_E': 389, 'Model_I': 264, 'Model_A': 189}",
lightgbm,classification,tfidf_max5000_ng1-1,5,0.4451,0.5288,0.0023,"{'Model_K': 7986, 'Model_C': 834, 'Model_D': 547, 'Model_E': 342, 'Model_J': 210, 'Model_H': 69, 'Model_F': 60, 'Model_I': 47, 'Model_B': 39, 'Model_G': 32, 'Model_A': 16}",
lightgbm,cost_sensitive,tfidf_max5000_ng1-1,5,0.4449,0.5736,0.022,"{'Model_K': 4628, 'Model_H': 2286, 'Model_F': 1249, 'Model_C': 442, 'Model_D': 424, 'Model_B': 325, 'Model_J': 305, 'Model_G': 174, 'Model_E': 167, 'Model_I': 149, 'Model_A': 33}",
xgboost,regression,tfidf_max5000_ng1-1,5,0.4448,0.5525,0.0128,"{'Model_K': 3576, 'Model_H': 1569, 'Model_F': 1124, 'Model_B': 763, 'Model_D': 693, 'Model_J': 591, 'Model_I': 437, 'Model_C': 408, 'Model_E': 382, 'Model_G': 339, 'Model_A': 300}",
xgboost,cost_sensitive,w2v_size100_win5,5,0.4446,0.5766,0.0234,"{'Model_K': 4167, 'Model_H': 2527, 'Model_F': 1307, 'Model_B': 639, 'Model_D': 381, 'Model_G': 287, 'Model_J': 280, 'Model_C': 204, 'Model_I': 202, 'Model_E': 94, 'Model_A': 94}",
lightgbm,regression,svd_comp500_tfidf5000_ng1-1,5,0.4443,0.552,0.0128,"{'Model_K': 3144, 'Model_H': 1610, 'Model_F': 1247, 'Model_B': 838, 'Model_D': 784, 'Model_J': 639, 'Model_G': 453, 'Model_C': 428, 'Model_I': 404, 'Model_E': 362, 'Model_A': 273}",
random_forest,regression,w2v_size100_win5,5,0.4442,0.5524,0.0131,"{'Model_K': 3256, 'Model_H': 1718, 'Model_F': 1036, 'Model_D': 929, 'Model_B': 878, 'Model_J': 684, 'Model_I': 415, 'Model_G': 392, 'Model_C': 381, 'Model_E': 270, 'Model_A': 223}",
lightgbm,regression,w2v_size100_win5,5,0.4441,0.5553,0.0144,"{'Model_K': 2750, 'Model_H': 1907, 'Model_F': 1250, 'Model_B': 942, 'Model_D': 811, 'Model_J': 619, 'Model_I': 468, 'Model_G': 400, 'Model_C': 382, 'Model_E': 353, 'Model_A': 300}",
random_forest,regression,tfidf_max5000_ng1-1,5,0.4441,0.5517,0.0128,"{'Model_K': 2840, 'Model_H': 1627, 'Model_F': 1207, 'Model_B': 890, 'Model_I': 814, 'Model_D': 783, 'Model_J': 553, 'Model_A': 392, 'Model_C': 363, 'Model_G': 358, 'Model_E': 355}",
xgboost,cost_sensitive,svd_comp500_tfidf5000_ng1-1,5,0.4417,0.5683,0.0213,"{'Model_K': 4846, 'Model_H': 2220, 'Model_F': 1104, 'Model_B': 474, 'Model_D': 387, 'Model_J': 297, 'Model_C': 289, 'Model_G': 259, 'Model_I': 151, 'Model_E': 102, 'Model_A': 53}",
lightgbm,regression,meta_len1_code1_math1,5,0.4401,0.5477,0.0131,"{'Model_K': 3906, 'Model_H': 1749, 'Model_F': 1300, 'Model_B': 880, 'Model_D': 775, 'Model_J': 461, 'Model_I': 327, 'Model_G': 253, 'Model_C': 245, 'Model_E': 193, 'Model_A': 93}",
xgboost,regression,dense_Qwen-Qwen3-Embedding-8B,10,0.4362,0.5445,0.0137,"{'Model_K': 1991, 'Model_H': 1463, 'Model_F': 1306, 'Model_B': 887, 'Model_D': 857, 'Model_J': 793, 'Model_E': 630, 'Model_C': 624, 'Model_G': 607, 'Model_I': 539, 'Model_A': 485}",
random_forest,classification,meta_len1_code1_math1,5,0.4337,0.5194,0.004,"{'Model_K': 6891, 'Model_C': 967, 'Model_D': 811, 'Model_E': 422, 'Model_J': 357, 'Model_H': 202, 'Model_F': 145, 'Model_B': 127, 'Model_I': 123, 'Model_G': 101, 'Model_A': 36}",
xgboost,regression,meta_len1_code1_math1,5,0.4336,0.5405,0.0133,"{'Model_K': 3139, 'Model_H': 1652, 'Model_F': 1414, 'Model_B': 818, 'Model_D': 720, 'Model_J': 599, 'Model_G': 421, 'Model_I': 417, 'Model_C': 384, 'Model_E': 363, 'Model_A': 255}",
xgboost,cost_sensitive,meta_len1_code1_math1,5,0.4318,0.571,0.0276,"{'Model_K': 3351, 'Model_H': 2848, 'Model_F': 1685, 'Model_B': 514, 'Model_G': 381, 'Model_J': 341, 'Model_D': 331, 'Model_I': 250, 'Model_C': 191, 'Model_E': 145, 'Model_A': 145}",
xgboost,regression,svd_comp1000_tfidf30000_ng1-3,10,0.4303,0.5345,0.0123,"{'Model_K': 2358, 'Model_H': 1380, 'Model_F': 1235, 'Model_B': 856, 'Model_D': 761, 'Model_J': 726, 'Model_E': 677, 'Model_G': 622, 'Model_C': 599, 'Model_I': 573, 'Model_A': 395}",
xgboost,regression,w2v_size100_win5,5,0.4263,0.5338,0.0141,"{'Model_K': 1917, 'Model_H': 1577, 'Model_F': 1190, 'Model_B': 947, 'Model_D': 835, 'Model_J': 758, 'Model_E': 680, 'Model_G': 630, 'Model_C': 628, 'Model_I': 545, 'Model_A': 475}",
xgboost,regression,dense_all-MiniLM-L6-v2,5,0.4252,0.5334,0.0145,"{'Model_K': 1970, 'Model_H': 1499, 'Model_F': 1268, 'Model_B': 949, 'Model_D': 878, 'Model_J': 783, 'Model_E': 645, 'Model_G': 643, 'Model_C': 609, 'Model_I': 492, 'Model_A': 446}",
random_forest,cost_sensitive,meta_len1_code1_math1,5,0.4244,0.52,0.0091,"{'Model_K': 5300, 'Model_C': 1050, 'Model_D': 856, 'Model_H': 813, 'Model_F': 598, 'Model_E': 491, 'Model_J': 483, 'Model_B': 190, 'Model_G': 180, 'Model_I': 164, 'Model_A': 57}",
xgboost,regression,svd_comp500_tfidf5000_ng1-1,5,0.4224,0.5251,0.0123,"{'Model_K': 2494, 'Model_H': 1435, 'Model_F': 1186, 'Model_B': 833, 'Model_J': 762, 'Model_D': 761, 'Model_E': 606, 'Model_C': 585, 'Model_G': 577, 'Model_I': 515, 'Model_A': 428}",
random_forest,regression,meta_len1_code1_math1,5,0.4215,0.5234,0.012,"{'Model_K': 3011, 'Model_H': 1344, 'Model_F': 1131, 'Model_D': 877, 'Model_J': 770, 'Model_B': 769, 'Model_G': 527, 'Model_C': 509, 'Model_E': 508, 'Model_I': 482, 'Model_A': 254}",
lightgbm,cost_sensitive,meta_len1_code1_math1,5,0.4213,0.5532,0.0252,"{'Model_K': 3140, 'Model_H': 2549, 'Model_F': 1457, 'Model_D': 533, 'Model_B': 501, 'Model_J': 492, 'Model_G': 461, 'Model_I': 292, 'Model_C': 292, 'Model_E': 287, 'Model_A': 178}",
Random_Baseline,Baseline,-,-,0.358,0.4561,0.0153,Random Selection,
Ensemble_Ridge_KNN_w0.5,Ensemble,Qwen3-embedding-8b,15,0.4748,0.5891,0.0134,"{'Model_K': 3139, 'Model_H': 2070, 'Model_F': 1335, 'Model_B': 1003, 'Model_D': 928, 'Model_J': 425, 'Model_I': 362, 'Model_G': 292, 'Model_C': 249, 'Model_A': 215, 'Model_E': 164}",
